name,price,images,Key Ingredients,Size
24-HR Synergy Duo (Acne Free),$50.00,"https://cdn.shopify.com/s/files/1/0513/3775/6828/files/24-hr-synergy-duo-cosrx-official-3.jpg?v=1765428396,https://cdn.shopify.com/s/files/1/0513/3775/6828/files/the-hyaluronic-acid-3-serum-cosrx-official-2.jpg?v=1724836666,https://cdn.shopify.com/s/files/1/0513/3775/6828/files/the-hyaluronic-acid-3-serum-cosrx-official-3.jpg?v=1724836668,https://cdn.shopify.com/s/files/1/0513/3775/6828/files/the-hyaluronic-acid-3-serum-cosrx-official-4.jpg?v=1724836671,https://cdn.shopify.com/s/files/1/0513/3775/6828/files/the-hyaluronic-acid-3-serum-cosrx-official-5.jpg?v=1724836673,https://cdn.shopify.com/s/files/1/0513/3775/6828/files/the-hyaluronic-acid-3-serum-cosrx-official-6.jpg?v=1724836675,https://cdn.shopify.com/s/files/1/0513/3775/6828/files/the-hyaluronic-acid-3-serum-cosrx-official-9.jpg?v=1724836682,https://cdn.shopify.com/s/files/1/0513/3775/6828/files/the-hyaluronic-acid-3-serum-cosrx-official-10.jpg?v=1724836684,https://cdn.shopify.com/s/files/1/0513/3775/6828/files/the-niacinamide-15-serum-cosrx-official-2.jpg?v=1748420816,https://cdn.shopify.com/s/files/1/0513/3775/6828/files/the-niacinamide-15-serum-cosrx-official-3.jpg?v=1748420816,https://cdn.shopify.com/s/files/1/0513/3775/6828/files/the-niacinamide-15-serum-cosrx-official-6.jpg?v=1757381343,https://cdn.shopify.com/s/files/1/0513/3775/6828/files/the-niacinamide-15-serum-cosrx-official-7.png?v=1757381343,https://cdn.shopify.com/s/files/1/0513/3775/6828/files/the-niacinamide-15-serum-cosrx-official-8.jpg?v=1757381343,https://cdn.shopify.com/s/files/1/0513/3775/6828/files/The_Niacinamade15_13.jpg?v=1757381343,https://cdn.shopify.com/s/files/1/0513/3775/6828/files/The_Niacinamade15_16.jpg?v=1757381343",,
5 Peptide B5 Sensitive Repair Salve Lip Balm,$15.00,"https://cdn.shopify.com/s/files/1/0513/3775/6828/files/00-2.webp?v=1788410435,https://cdn.shopify.com/s/files/1/0513/3775/6828/files/01_764f2d11-6c4e-444b-97f2-9b49a7c3def1.webp?v=1788410435,https://cdn.shopify.com/s/files/1/0513/3775/6828/files/02_966febf0-57bb-4dfd-8db2-053e2bd76a1d.webp?v=1788410435,https://cdn.shopify.com/s/files/1/0513/3775/6828/files/03_1.webp?v=1788410938,https://cdn.shopify.com/s/files/1/0513/3775/6828/files/04_2.webp?v=1788410910,https://cdn.shopify.com/s/files/1/0513/3775/6828/files/05_4cc11869-5894-4e5e-af78-489ae2cc16a9.webp?v=1788410435,https://cdn.shopify.com/s/files/1/0513/3775/6828/files/06_f5a96a3b-8bed-4321-b458-1176eee1fc0c.webp?v=1788410435,https://cdn.shopify.com/s/files/1/0513/3775/6828/files/07_b6b7c9d7-4c5a-4139-bd90-eed9b05e101e.webp?v=1788410435,https://cdn.shopify.com/s/files/1/0513/3775/6828/files/08_ce1545bd-5fd1-44ce-9fcc-50de1d103442.webp?v=1788410435,https://cdn.shopify.com/s/files/1/0513/3775/6828/files/09_5e206b76-0ad5-40be-ae86-3841b6712c52.webp?v=1788410435,https://cdn.shopify.com/s/files/1/0513/3775/6828/files/10_1cf3912a-1207-4568-9b21-30b38ed8b038.jpg?v=1788426764,https://cdn.shopify.com/s/files/1/0513/3775/6828/files/11_c400e261-a07d-4447-a9e2-7b4223e87a3f.webp?v=1788410435",5 Peptide Complex + Pantenol (Vitamin B5) 5% + Shea Butter 10%,12g / 0.42 oz.
5 Peptide Ceramide Barrier Comfort Lip Mask,$15.00,"https://cdn.shopify.com/s/files/1/0513/3775/6828/files/5Peptide-Lip_Mask_00.jpg?v=1788426952,https://cdn.shopify.com/s/files/1/0513/3775/6828/files/5Peptide-Lip_Mask_01.jpg?v=1788426952,https://cdn.shopify.com/s/files/1/0513/3775/6828/files/5Peptide-Lip_Mask_02.jpg?v=1788426952,https://cdn.shopify.com/s/files/1/0513/3775/6828/files/5Peptide-Lip_Mask_03.jpg?v=1788426952,https://cdn.shopify.com/s/files/1/0513/3775/6828/files/5Peptide-Lip_Mask_04.jpg?v=1788426952,https://cdn.shopify.com/s/files/1/0513/3775/6828/files/5Peptide-Lip_Mask_05.jpg?v=1788426953,https://cdn.shopify.com/s/files/1/0513/3775/6828/files/5Peptide-Lip_Mask_06.jpg?v=1788426953,https://cdn.shopify.com/s/files/1/0513/3775/6828/files/5Peptide-Lip_Mask_07.jpg?v=1788426952,https://cdn.shopify.com/s/files/1/0513/3775/6828/files/5Peptide-Lip_Mask_08.jpg?v=1788426952,https://cdn.shopify.com/s/files/1/0513/3775/6828/files/5Peptide-Lip_Mask_09.jpg?v=1788426953,https://cdn.shopify.com/s/files/1/0513/3775/6828/files/5Peptide-Lip_Mask_10.jpg?v=1788426952,https://cdn.shopify.com/s/files/1/0513/3775/6828/files/5Peptide-Lip_Mask_11.jpg?v=1788426952,https://cdn.shopify.com/s/files/1/0513/3775/6828/files/5Peptide-Lip_Mask_12.jpg?v=1788426952,https://cdn.shopify.com/s/files/1/0513/3775/6828/files/5Peptide-Lip_Mask_13.jpg?v=1788426953",5 Peptide Complex + Ceramide,12g / 0.42 oz.
5 Peptide Collagen Tinted Lip Fill Treatment,$16.00,"https://cdn.shopify.com/s/files/1/0513/3775/6828/files/5PeptideLipTint_Strawberry_00.jpg?v=1788310795,https://cdn.shopify.com/s/files/1/0513/3775/6828/files/5PeptideLipTint_Strawberry_01.jpg?v=1788310787,https://cdn.shopify.com/s/files/1/0513/3775/6828/files/5PeptideLipTint_Strawberry_02.jpg?v=1788310788,https://cdn.shopify.com/s/files/1/0513/3775/6828/files/5PeptideLipTint_Strawberry_03.jpg?v=1788310788,https://cdn.shopify.com/s/files/1/0513/3775/6828/files/5PeptideLipTint_Strawberry_04.jpg?v=1788310788,https://cdn.shopify.com/s/files/1/0513/3775/6828/files/5PeptideLipTint_Strawberry_05.jpg?v=1788310788,https://cdn.shopify.com/s/files/1/0513/3775/6828/files/5PeptideLipTint_Strawberry_06.jpg?v=1788310787,https://cdn.shopify.com/s/files/1/0513/3775/6828/files/5_Peptide_Lip_Tint_Sour_Berry_Jelly_07.jpg?v=1788310832,https://cdn.shopify.com/s/files/1/0513/3775/6828/files/5PeptideLipTint_Strawberry_08.jpg?v=1788310787,https://cdn.shopify.com/s/files/1/0513/3775/6828/files/5_Peptide_Lip_Tint_Strawberry_09.jpg?v=1788425693,https://cdn.shopify.com/s/files/1/0513/3775/6828/files/5PeptideLipTint_Strawberry_10.jpg?v=1788310787,https://cdn.shopify.com/s/files/1/0513/3775/6828/files/5PeptideLipTint_Strawberry_11.jpg?v=1788310787,https://cdn.shopify.com/s/files/1/0513/3775/6828/files/5PeptideLipTint_Strawberry_12.jpg?v=1788310787,https://cdn.shopify.com/s/files/1/0513/3775/6828/files/5PeptideLipTint_Strawberry_13.jpg?v=1788310788,https://cdn.shopify.com/s/files/1/0513/3775/6828/files/5PeptideLipTint_Strawberry_14.jpg?v=1788310787,https://cdn.shopify.com/s/files/1/0513/3775/6828/files/5PeptideLipTint_Strawberry_15A.jpg?v=1788310791,https://cdn.shopify.com/s/files/1/0513/3775/6828/files/5PeptideLipTint_Strawberry_15B.jpg?v=1788310795,https://cdn.shopify.com/s/files/1/0513/3775/6828/files/5_Peptide_Lip_Tint_Cocoa_16.jpg?v=1788310885,https://cdn.shopify.com/s/files/1/0513/3775/6828/files/5_Peptide_Lip_Tint_Sour_Berry_Jelly_00.jpg?v=1788310831,https://cdn.shopify.com/s/files/1/0513/3775/6828/files/5_Peptide_Lip_Tint_Sour_Berry_Jelly_01.jpg?v=1788310832,https://cdn.shopify.com/s/files/1/0513/3775/6828/files/5_Peptide_Lip_Tint_Sour_Berry_Jelly_02.jpg?v=1788310832,https://cdn.shopify.com/s/files/1/0513/3775/6828/files/5_Peptide_Lip_Tint_Sour_Berry_Jelly_03.jpg?v=1788310832,https://cdn.shopify.com/s/files/1/0513/3775/6828/files/5_Peptide_Lip_Tint_Sour_Berry_Jelly_04.jpg?v=1788310832,https://cdn.shopify.com/s/files/1/0513/3775/6828/files/5_Peptide_Lip_Tint_Sour_Berry_Jelly_05.jpg?v=1788310833,https://cdn.shopify.com/s/files/1/0513/3775/6828/files/5_Peptide_Lip_Tint_Sour_Berry_Jelly_06.jpg?v=1788310832,https://cdn.shopify.com/s/files/1/0513/3775/6828/files/5PeptideLipTint_Strawberry_07.jpg?v=1788310787,https://cdn.shopify.com/s/files/1/0513/3775/6828/files/5_Peptide_Lip_Tint_Sour_Berry_Jelly_08.jpg?v=1788310831,https://cdn.shopify.com/s/files/1/0513/3775/6828/files/5_Peptide_Lip_Tint_Sour_Berry_Jelly_09_aad6b0b5-8411-4d34-9f6f-e26c1f72500c.jpg?v=1788425700,https://cdn.shopify.com/s/files/1/0513/3775/6828/files/5_Peptide_Lip_Tint_Sour_Berry_Jelly_10.jpg?v=1788310830,https://cdn.shopify.com/s/files/1/0513/3775/6828/files/5_Peptide_Lip_Tint_Sour_Berry_Jelly_11.jpg?v=1788310831,https://cdn.shopify.com/s/files/1/0513/3775/6828/files/5_Peptide_Lip_Tint_Sour_Berry_Jelly_12.jpg?v=1788310831,https://cdn.shopify.com/s/files/1/0513/3775/6828/files/5_Peptide_Lip_Tint_Sour_Berry_Jelly_13.jpg?v=1788310831,https://cdn.shopify.com/s/files/1/0513/3775/6828/files/5_Peptide_Lip_Tint_Sour_Berry_Jelly_14.jpg?v=1788310831,https://cdn.shopify.com/s/files/1/0513/3775/6828/files/5_Peptide_Lip_Tint_Strawberry_15_9ed341c4-d8ce-40c1-9990-3e81e2aee6b8.jpg?v=1788426015,https://cdn.shopify.com/s/files/1/0513/3775/6828/files/5_Peptide_Lip_Tint_Strawberry_16_7d53ddf6-a100-40c0-bceb-85102d65106c.jpg?v=1788426015,https://cdn.shopify.com/s/files/1/0513/3775/6828/files/5_Peptide_Lip_Tint_Peach_00.jpg?v=1788310846,https://cdn.shopify.com/s/files/1/0513/3775/6828/files/5_Peptide_Lip_Tint_Peach_01.jpg?v=1788310847,https://cdn.shopify.com/s/files/1/0513/3775/6828/files/5_Peptide_Lip_Tint_Peach_02.jpg?v=1788310846,https://cdn.shopify.com/s/files/1/0513/3775/6828/files/5_Peptide_Lip_Tint_Peach_03.jpg?v=1788310847,https://cdn.shopify.com/s/files/1/0513/3775/6828/files/5_Peptide_Lip_Tint_Peach_04.jpg?v=1788310847,https://cdn.shopify.com/s/files/1/0513/3775/6828/files/5_Peptide_Lip_Tint_Peach_05.jpg?v=1788310848,https://cdn.shopify.com/s/files/1/0513/3775/6828/files/5_Peptide_Lip_Tint_Peach_06.jpg?v=1788310847,https://cdn.shopify.com/s/files/1/0513/3775/6828/files/5_Peptide_Lip_Tint_Peach_07.jpg?v=1788310847,https://cdn.shopify.com/s/files/1/0513/3775/6828/files/5_Peptide_Lip_Tint_Peach_08.jpg?v=1788310848,https://cdn.shopify.com/s/files/1/0513/3775/6828/files/5_Peptide_Lip_Tint_Peach_10.jpg?v=1788310848,https://cdn.shopify.com/s/files/1/0513/3775/6828/files/5_Peptide_Lip_Tint_Peach_09_e9ae8e26-971e-4e47-be40-7d888edddae0.jpg?v=1788425707,https://cdn.shopify.com/s/files/1/0513/3775/6828/files/5_Peptide_Lip_Tint_Peach_11.jpg?v=1788310848,https://cdn.shopify.com/s/files/1/0513/3775/6828/files/5_Peptide_Lip_Tint_Peach_12.jpg?v=1788310848,https://cdn.shopify.com/s/files/1/0513/3775/6828/files/5_Peptide_Lip_Tint_Peach_13.jpg?v=1788310847,https://cdn.shopify.com/s/files/1/0513/3775/6828/files/5_Peptide_Lip_Tint_Peach_14.jpg?v=1788310846,https://cdn.shopify.com/s/files/1/0513/3775/6828/files/5_Peptide_Lip_Tint_Strawberry_15_8b56d789-7520-4e20-8c03-006e38b63705.jpg?v=1788425948,https://cdn.shopify.com/s/files/1/0513/3775/6828/files/5_Peptide_Lip_Tint_Strawberry_16_7031f1c6-6db6-4bff-9171-88e5ba35fc7c.jpg?v=1788425948,https://cdn.shopify.com/s/files/1/0513/3775/6828/files/5_Peptide_Lip_Tint_Cherry_00.jpg?v=1788310857,https://cdn.shopify.com/s/files/1/0513/3775/6828/files/5_Peptide_Lip_Tint_Cherry_01.jpg?v=1788310858,https://cdn.shopify.com/s/files/1/0513/3775/6828/files/5_Peptide_Lip_Tint_Cherry_02.jpg?v=1788310858,https://cdn.shopify.com/s/files/1/0513/3775/6828/files/5_Peptide_Lip_Tint_Cherry_03.jpg?v=1788310858,https://cdn.shopify.com/s/files/1/0513/3775/6828/files/5_Peptide_Lip_Tint_Cherry_04.jpg?v=1788310861,https://cdn.shopify.com/s/files/1/0513/3775/6828/files/5_Peptide_Lip_Tint_Cherry_05.jpg?v=1788310858,https://cdn.shopify.com/s/files/1/0513/3775/6828/files/5_Peptide_Lip_Tint_Cherry_06.jpg?v=1788310858,https://cdn.shopify.com/s/files/1/0513/3775/6828/files/5_Peptide_Lip_Tint_Cherry_07.jpg?v=1788310858,https://cdn.shopify.com/s/files/1/0513/3775/6828/files/5_Peptide_Lip_Tint_Cherry_08.jpg?v=1788310858,https://cdn.shopify.com/s/files/1/0513/3775/6828/files/5_Peptide_Lip_Tint_Cherry_09_8e32da3e-ae0c-4b6b-a585-3210ecc66efc.jpg?v=1788425714,https://cdn.shopify.com/s/files/1/0513/3775/6828/files/5_Peptide_Lip_Tint_Cherry_10.jpg?v=1788310858,https://cdn.shopify.com/s/files/1/0513/3775/6828/files/5_Peptide_Lip_Tint_Cherry_11.jpg?v=1788310856,https://cdn.shopify.com/s/files/1/0513/3775/6828/files/5_Peptide_Lip_Tint_Cherry_12.jpg?v=1788310857,https://cdn.shopify.com/s/files/1/0513/3775/6828/files/5_Peptide_Lip_Tint_Cherry_13.jpg?v=1788310857,https://cdn.shopify.com/s/files/1/0513/3775/6828/files/5_Peptide_Lip_Tint_Cherry_14.jpg?v=1788310857,https://cdn.shopify.com/s/files/1/0513/3775/6828/files/5_Peptide_Lip_Tint_Strawberry_15_892850c3-9a07-4aa3-bb12-24ad8511fdf7.jpg?v=1788425951,https://cdn.shopify.com/s/files/1/0513/3775/6828/files/5_Peptide_Lip_Tint_Strawberry_16_9e796762-fb17-4ae0-8e30-28448334d7ba.jpg?v=1788425951,https://cdn.shopify.com/s/files/1/0513/3775/6828/files/5_Peptide_Lip_Tint_Cinnamon_00.jpg?v=1788310874,https://cdn.shopify.com/s/files/1/0513/3775/6828/files/5_Peptide_Lip_Tint_Cinnamon_01.jpg?v=1788310875,https://cdn.shopify.com/s/files/1/0513/3775/6828/files/5_Peptide_Lip_Tint_Cinnamon_02.jpg?v=1788310875,https://cdn.shopify.com/s/files/1/0513/3775/6828/files/5_Peptide_Lip_Tint_Cinnamon_03.jpg?v=1788310875,https://cdn.shopify.com/s/files/1/0513/3775/6828/files/5_Peptide_Lip_Tint_Cinnamon_04.jpg?v=1788310875,https://cdn.shopify.com/s/files/1/0513/3775/6828/files/5_Peptide_Lip_Tint_Cinnamon_05.jpg?v=1788310876,https://cdn.shopify.com/s/files/1/0513/3775/6828/files/5_Peptide_Lip_Tint_Cinnamon_06.jpg?v=1788310875,https://cdn.shopify.com/s/files/1/0513/3775/6828/files/5_Peptide_Lip_Tint_Cinnamon_07.jpg?v=1788310876,https://cdn.shopify.com/s/files/1/0513/3775/6828/files/5_Peptide_Lip_Tint_Cinnamon_08.jpg?v=1788310876,https://cdn.shopify.com/s/files/1/0513/3775/6828/files/5_Peptide_Lip_Tint_Cinnamon_09_93d9fa47-e1ab-4278-9c73-cc5d9741ebb7.jpg?v=1788425724,https://cdn.shopify.com/s/files/1/0513/3775/6828/files/5_Peptide_Lip_Tint_Cinnamon_10.jpg?v=1788310876,https://cdn.shopify.com/s/files/1/0513/3775/6828/files/5_Peptide_Lip_Tint_Cinnamon_11.jpg?v=1788310876,https://cdn.shopify.com/s/files/1/0513/3775/6828/files/5_Peptide_Lip_Tint_Cinnamon_12.jpg?v=1788310874,https://cdn.shopify.com/s/files/1/0513/3775/6828/files/5_Peptide_Lip_Tint_Cinnamon_13.jpg?v=1788310874,https://cdn.shopify.com/s/files/1/0513/3775/6828/files/5_Peptide_Lip_Tint_Cinnamon_14.jpg?v=1788310875,https://cdn.shopify.com/s/files/1/0513/3775/6828/files/5_Peptide_Lip_Tint_Strawberry_15_3e2320c3-1bd6-489d-883f-e7461885f28b.jpg?v=1788425954,https://cdn.shopify.com/s/files/1/0513/3775/6828/files/5_Peptide_Lip_Tint_Strawberry_16_708bebe1-0a17-400d-a556-e332e3b024ca.jpg?v=1788425954,https://cdn.shopify.com/s/files/1/0513/3775/6828/files/5_Peptide_Lip_Tint_Cocoa_00.jpg?v=1788310885,https://cdn.shopify.com/s/files/1/0513/3775/6828/files/5_Peptide_Lip_Tint_Cocoa_01.jpg?v=1788310886,https://cdn.shopify.com/s/files/1/0513/3775/6828/files/5_Peptide_Lip_Tint_Cocoa_02.jpg?v=1788310886,https://cdn.shopify.com/s/files/1/0513/3775/6828/files/5_Peptide_Lip_Tint_Cocoa_03.jpg?v=1788310886,https://cdn.shopify.com/s/files/1/0513/3775/6828/files/5_Peptide_Lip_Tint_Cocoa_04.jpg?v=1788310886,https://cdn.shopify.com/s/files/1/0513/3775/6828/files/5_Peptide_Lip_Tint_Cocoa_05.jpg?v=1788310886,https://cdn.shopify.com/s/files/1/0513/3775/6828/files/5_Peptide_Lip_Tint_Cocoa_06.jpg?v=1788310886,https://cdn.shopify.com/s/files/1/0513/3775/6828/files/5_Peptide_Lip_Tint_Cocoa_07.jpg?v=1788310886,https://cdn.shopify.com/s/files/1/0513/3775/6828/files/5_Peptide_Lip_Tint_Cocoa_08.jpg?v=1788310886,https://cdn.shopify.com/s/files/1/0513/3775/6828/files/5_Peptide_Lip_Tint_Cocoa_09_de0d8e83-27e5-486d-aea0-e3b5af57c2f5.jpg?v=1788425731,https://cdn.shopify.com/s/files/1/0513/3775/6828/files/5_Peptide_Lip_Tint_Cocoa_10.jpg?v=1788310888,https://cdn.shopify.com/s/files/1/0513/3775/6828/files/5_Peptide_Lip_Tint_Cocoa_11.jpg?v=1788310884,https://cdn.shopify.com/s/files/1/0513/3775/6828/files/5_Peptide_Lip_Tint_Cocoa_12.jpg?v=1788310884,https://cdn.shopify.com/s/files/1/0513/3775/6828/files/5_Peptide_Lip_Tint_Cocoa_13.jpg?v=1788310885,https://cdn.shopify.com/s/files/1/0513/3775/6828/files/5_Peptide_Lip_Tint_Cocoa_14.jpg?v=1788310885,https://cdn.shopify.com/s/files/1/0513/3775/6828/files/5_Peptide_Lip_Tint_Strawberry_15_526a5d44-bb67-4679-af4a-c94f631c1235.jpg?v=1788425957,https://cdn.shopify.com/s/files/1/0513/3775/6828/files/5_Peptide_Lip_Tint_Strawberry_16_6bc3b4f1-b141-4943-916a-8c3fd152619d.jpg?v=1788425957,https://cdn.shopify.com/s/files/1/0513/3775/6828/files/5_Peptide_Lip_Tint_Black_Cherry_00.jpg?v=1788310893,https://cdn.shopify.com/s/files/1/0513/3775/6828/files/5_Peptide_Lip_Tint_Black_Cherry_01.jpg?v=1788310894,https://cdn.shopify.com/s/files/1/0513/3775/6828/files/5_Peptide_Lip_Tint_Black_Cherry_02.jpg?v=1788310894,https://cdn.shopify.com/s/files/1/0513/3775/6828/files/5_Peptide_Lip_Tint_Black_Cherry_03.jpg?v=1788310894,https://cdn.shopify.com/s/files/1/0513/3775/6828/files/5_Peptide_Lip_Tint_Black_Cherry_04.jpg?v=1788310894,https://cdn.shopify.com/s/files/1/0513/3775/6828/files/5_Peptide_Lip_Tint_Black_Cherry_05.jpg?v=1788310895,https://cdn.shopify.com/s/files/1/0513/3775/6828/files/5_Peptide_Lip_Tint_Black_Cherry_06.jpg?v=1788310895,https://cdn.shopify.com/s/files/1/0513/3775/6828/files/5_Peptide_Lip_Tint_Black_Cherry_07.jpg?v=1788310895,https://cdn.shopify.com/s/files/1/0513/3775/6828/files/5_Peptide_Lip_Tint_Black_Cherry_08.jpg?v=1788310895,https://cdn.shopify.com/s/files/1/0513/3775/6828/files/5_Peptide_Lip_Tint_Black_Cherry_09_11fc575a-dbbb-401f-8f84-a8d41ef3413c.jpg?v=1788425738,https://cdn.shopify.com/s/files/1/0513/3775/6828/files/5_Peptide_Lip_Tint_Black_Cherry_10.jpg?v=1788310895,https://cdn.shopify.com/s/files/1/0513/3775/6828/files/5_Peptide_Lip_Tint_Black_Cherry_11.jpg?v=1788310893,https://cdn.shopify.com/s/files/1/0513/3775/6828/files/5_Peptide_Lip_Tint_Black_Cherry_12.jpg?v=1788310894,https://cdn.shopify.com/s/files/1/0513/3775/6828/files/5_Peptide_Lip_Tint_Black_Cherry_13.jpg?v=1788310894,https://cdn.shopify.com/s/files/1/0513/3775/6828/files/5_Peptide_Lip_Tint_Black_Cherry_14.jpg?v=1788310898,https://cdn.shopify.com/s/files/1/0513/3775/6828/files/5_Peptide_Lip_Tint_Strawberry_15.jpg?v=1788425942,https://cdn.shopify.com/s/files/1/0513/3775/6828/files/5_Peptide_Lip_Tint_Strawberry_16.jpg?v=1788425942",5 Peptide Complex + Collagen,12g / 0.42 oz.
AC Collection Acne Patch,$8.00,"https://cdn.shopify.com/s/files/1/0513/3775/6828/files/ac-collection-acne-patch-cosrx-official-1.jpg?v=1724835837,https://cdn.shopify.com/s/files/1/0513/3775/6828/files/ac-collection-acne-patch-cosrx-official-2.jpg?v=1724835839,https://cdn.shopify.com/s/files/1/0513/3775/6828/files/ac-collection-acne-patch-cosrx-official-3.jpg?v=1724835841,https://cdn.shopify.com/s/files/1/0513/3775/6828/files/ac-collection-acne-patch-cosrx-official-4.jpg?v=1724835843,https://cdn.shopify.com/s/files/1/0513/3775/6828/files/ac-collection-acne-patch-cosrx-official-5.jpg?v=1724835846,https://cdn.shopify.com/s/files/1/0513/3775/6828/files/ac-collection-acne-patch-cosrx-official-6.jpg?v=1724835848,https://cdn.shopify.com/s/files/1/0513/3775/6828/files/ac-collection-acne-patch-cosrx-official-7.jpg?v=1724835850,https://cdn.shopify.com/s/files/1/0513/3775/6828/files/800x1067__ac__231120.webp?v=1724835852",,
AC Collection Blemish Care Sheet Mask,$6.00,"https://cdn.shopify.com/s/files/1/0513/3775/6828/files/ac-collection-blemish-care-sheet-mask-cosrx-official-1.jpg?v=1724836188,https://cdn.shopify.com/s/files/1/0513/3775/6828/files/ac-collection-blemish-care-sheet-mask-cosrx-official-2.jpg?v=1724836190,https://cdn.shopify.com/s/files/1/0513/3775/6828/files/ac-collection-blemish-care-sheet-mask-cosrx-official-3.jpg?v=1724836193,https://cdn.shopify.com/s/files/1/0513/3775/6828/files/ac-collection-blemish-care-sheet-mask-cosrx-official-4.jpg?v=1724836195,https://cdn.shopify.com/s/files/1/0513/3775/6828/files/ac-collection-blemish-care-sheet-mask-cosrx-official-5.jpg?v=1724836197,https://cdn.shopify.com/s/files/1/0513/3775/6828/files/ac-collection-blemish-care-sheet-mask-cosrx-official-6.jpg?v=1724836199,https://cdn.shopify.com/s/files/1/0513/3775/6828/files/ac-collection-blemish-care-sheet-mask-cosrx-official-7.jpg?v=1724836201,https://cdn.shopify.com/s/files/1/0513/3775/6828/files/ac-collection-blemish-care-sheet-mask-cosrx-official-8.jpg?v=1724836203,https://cdn.shopify.com/s/files/1/0513/3775/6828/files/ac-collection-blemish-care-sheet-mask-cosrx-official-9.jpg?v=1724836205,https://cdn.shopify.com/s/files/1/0513/3775/6828/files/ac-collection-blemish-care-sheet-mask-cosrx-official-10.jpg?v=1724836208",,1 ea
AC Collection Calming Foam Cleanser,$15.00,"https://cdn.shopify.com/s/files/1/0513/3775/6828/files/ac-collection-calming-foam-cleanser-cosrx-official-1.jpg?v=1724835747,https://cdn.shopify.com/s/files/1/0513/3775/6828/files/ac-collection-calming-foam-cleanser-cosrx-official-2.jpg?v=1724835749,https://cdn.shopify.com/s/files/1/0513/3775/6828/files/ac-collection-calming-foam-cleanser-cosrx-official-3.jpg?v=1724835752,https://cdn.shopify.com/s/files/1/0513/3775/6828/files/ac-collection-calming-foam-cleanser-cosrx-official-4.jpg?v=1724835754,https://cdn.shopify.com/s/files/1/0513/3775/6828/files/ac-collection-calming-foam-cleanser-cosrx-official-5.jpg?v=1724835756,https://cdn.shopify.com/s/files/1/0513/3775/6828/files/ac-collection-calming-foam-cleanser-cosrx-official-6.jpg?v=1724835758,https://cdn.shopify.com/s/files/1/0513/3775/6828/files/ac-collection-calming-foam-cleanser-cosrx-official-7.jpg?v=1724835760,https://cdn.shopify.com/s/files/1/0513/3775/6828/files/ac-collection-calming-foam-cleanser-cosrx-official-8.jpg?v=1724835762,https://cdn.shopify.com/s/files/1/0513/3775/6828/files/ac-collection-calming-foam-cleanser-cosrx-official-9.jpg?v=1724835764,https://cdn.shopify.com/s/files/1/0513/3775/6828/files/ac-collection-calming-foam-cleanser-cosrx-official-10.jpg?v=1724835766,https://cdn.shopify.com/s/files/1/0513/3775/6828/files/ac-collection-calming-foam-cleanser-cosrx-official-11.jpg?v=1724835769",,"5.07 fl.oz / 150mL,1.69 fl.oz / 50ml"
AC Collection Calming Liquid Intensive,$26.00,"https://cdn.shopify.com/s/files/1/0513/3775/6828/files/ac-collection-calming-liquid-intensive-cosrx-official-1.jpg?v=1724836888,https://cdn.shopify.com/s/files/1/0513/3775/6828/files/ac-collection-calming-liquid-intensive-cosrx-official-2.jpg?v=1724836890,https://cdn.shopify.com/s/files/1/0513/3775/6828/files/ac-collection-calming-liquid-intensive-cosrx-official-3.jpg?v=1724836892,https://cdn.shopify.com/s/files/1/0513/3775/6828/files/ac-collection-calming-liquid-intensive-cosrx-official-4.jpg?v=1724836894,https://cdn.shopify.com/s/files/1/0513/3775/6828/files/ac-collection-calming-liquid-intensive-cosrx-official-5.jpg?v=1724836897,https://cdn.shopify.com/s/files/1/0513/3775/6828/files/ac-collection-calming-liquid-intensive-cosrx-official-6.jpg?v=1724836899",,4.22 fl.oz / 125ml
AC Collection Calming Liquid Mild,$26.00,"https://cdn.shopify.com/s/files/1/0513/3775/6828/files/ac-collection-calming-liquid-mild-cosrx-official-1.jpg?v=1724836561,https://cdn.shopify.com/s/files/1/0513/3775/6828/files/ac-collection-calming-liquid-mild-cosrx-official-2.jpg?v=1724836563,https://cdn.shopify.com/s/files/1/0513/3775/6828/files/ac-collection-calming-liquid-mild-cosrx-official-3.jpg?v=1724836565,https://cdn.shopify.com/s/files/1/0513/3775/6828/files/ac-collection-calming-liquid-mild-cosrx-official-4.jpg?v=1724836567,https://cdn.shopify.com/s/files/1/0513/3775/6828/files/ac-collection-calming-liquid-mild-cosrx-official-5.jpg?v=1724836569",,4.22 fl.oz / 125ml
AC Collection Lightweight Soothing Moisturizer,$19.00,"https://cdn.shopify.com/s/files/1/0513/3775/6828/files/ac-collection-lightweight-soothing-moisturizer-cosrx-official-1.jpg?v=1724835868,https://cdn.shopify.com/s/files/1/0513/3775/6828/files/ac-collection-lightweight-soothing-moisturizer-cosrx-official-2.jpg?v=1724835870,https://cdn.shopify.com/s/files/1/0513/3775/6828/files/ac-collection-lightweight-soothing-moisturizer-cosrx-official-3.jpg?v=1724835873,https://cdn.shopify.com/s/files/1/0513/3775/6828/files/ac-collection-lightweight-soothing-moisturizer-cosrx-official-4.jpg?v=1724835874,https://cdn.shopify.com/s/files/1/0513/3775/6828/files/ac-collection-lightweight-soothing-moisturizer-cosrx-official-5.jpg?v=1724835876,https://cdn.shopify.com/s/files/1/0513/3775/6828/files/ac-collection-lightweight-soothing-moisturizer-cosrx-official-6.jpg?v=1724835878,https://cdn.shopify.com/s/files/1/0513/3775/6828/files/ac-collection-lightweight-soothing-moisturizer-cosrx-official-7.jpg?v=1724835880,https://cdn.shopify.com/s/files/1/0513/3775/6828/files/ac-collection-lightweight-soothing-moisturizer-cosrx-official-8.jpg?v=1724835882,https://cdn.shopify.com/s/files/1/0513/3775/6828/files/ac-collection-lightweight-soothing-moisturizer-cosrx-official-9.jpg?v=1724835884,https://cdn.shopify.com/s/files/1/0513/3775/6828/files/ac-collection-lightweight-soothing-moisturizer-cosrx-official-10.jpg?v=1724835886,https://cdn.shopify.com/s/files/1/0513/3775/6828/files/ac-collection-lightweight-soothing-moisturizer-cosrx-official-11.jpg?v=1724835888",,2.70 fl.oz / 80ml
AC Collection Ultimate Spot Cream,$23.00,"https://cdn.shopify.com/s/files/1/0513/3775/6828/files/ac-collection-ultimate-spot-cream-cosrx-official-1.jpg?v=1724835771,https://cdn.shopify.com/s/files/1/0513/3775/6828/files/ac-collection-ultimate-spot-cream-cosrx-official-2.jpg?v=1724835773,https://cdn.shopify.com/s/files/1/0513/3775/6828/files/ac-collection-ultimate-spot-cream-cosrx-official-3.jpg?v=1724835775,https://cdn.shopify.com/s/files/1/0513/3775/6828/files/ac-collection-ultimate-spot-cream-cosrx-official-4.jpg?v=1724835777,https://cdn.shopify.com/s/files/1/0513/3775/6828/files/ac-collection-ultimate-spot-cream-cosrx-official-5.jpg?v=1724835779,https://cdn.shopify.com/s/files/1/0513/3775/6828/files/ac-collection-ultimate-spot-cream-cosrx-official-6.jpg?v=1724835782,https://cdn.shopify.com/s/files/1/0513/3775/6828/files/ac-collection-ultimate-spot-cream-cosrx-official-7.jpg?v=1724835783,https://cdn.shopify.com/s/files/1/0513/3775/6828/files/ac-collection-ultimate-spot-cream-cosrx-official-8.jpg?v=1724835786",,
Acne Pimple Master Patch,$6.00,"https://cdn.shopify.com/s/files/1/0513/3775/6828/files/acne-pimple-master-patch-cosrx-official-1.jpg?v=1724835736,https://cdn.shopify.com/s/files/1/0513/3775/6828/files/acne-pimple-master-patch-cosrx-official-2.jpg?v=1724835738,https://cdn.shopify.com/s/files/1/0513/3775/6828/files/acne-pimple-master-patch-cosrx-official-3.jpg?v=1724835741,https://cdn.shopify.com/s/files/1/0513/3775/6828/files/acne-pimple-master-patch-cosrx-official-4.jpg?v=1724835743,https://cdn.shopify.com/s/files/1/0513/3775/6828/files/acne-pimple-master-patch-cosrx-official-5.jpg?v=1724835745",,
Acne Pimple Master Patch Original Fit 4SET (96 Patches),$16.00,"https://cdn.shopify.com/s/files/1/0513/3775/6828/files/Acne_pimple_patch_00.webp?v=1761012126,https://cdn.shopify.com/s/files/1/0513/3775/6828/files/Acne_pimple_patch_01.webp?v=1761012126,https://cdn.shopify.com/s/files/1/0513/3775/6828/files/Acne_pimple_patch_02.webp?v=1761012126,https://cdn.shopify.com/s/files/1/0513/3775/6828/files/Acne_pimple_patch_03.webp?v=1761012126,https://cdn.shopify.com/s/files/1/0513/3775/6828/files/Acne_pimple_patch_04.webp?v=1761012126",,
Advanced Snail 92 All in one Cream,$15.00,"https://cdn.shopify.com/s/files/1/0513/3775/6828/files/SnailCream50g_800x1067_485b8794-f831-48fe-b9c6-4ad940eed4dc.jpg?v=1704429396,https://cdn.shopify.com/s/files/1/0513/3775/6828/files/advanced-snail-92-all-in-one-cream-cosrx-official-4_4bca61ad-6b59-4414-b331-e5777c91ea7b.jpg?v=1704429398,https://cdn.shopify.com/s/files/1/0513/3775/6828/files/advanced-snail-92-all-in-one-cream-cosrx-official-9_001967d9-10f8-4a4e-8afe-0402ae388682.jpg?v=1704429400,https://cdn.shopify.com/s/files/1/0513/3775/6828/files/advanced-snail-92-all-in-one-cream-cosrx-official-2_3d4edad2-7f82-42e4-8aff-a2959efbc748.jpg?v=1704429402,https://cdn.shopify.com/s/files/1/0513/3775/6828/files/advanced-snail-92-all-in-one-cream-cosrx-official-3_c82069e4-0b0b-4b29-a58e-582dcd238d7d.jpg?v=1704429404,https://cdn.shopify.com/s/files/1/0513/3775/6828/files/advanced-snail-92-all-in-one-cream-cosrx-official-5_a44f2c91-5ea4-4216-8c7c-cdc7c41f784d.jpg?v=1704429406,https://cdn.shopify.com/s/files/1/0513/3775/6828/files/advanced-snail-92-all-in-one-cream-cosrx-official-6_79317709-eb27-45f2-9447-9b12bcdaec07.jpg?v=1704429409,https://cdn.shopify.com/s/files/1/0513/3775/6828/files/advanced-snail-92-all-in-one-cream-cosrx-official-8_16b0449a-1ac4-4af8-a821-ab6ab6c2f156.jpg?v=1704429411,https://cdn.shopify.com/s/files/1/0513/3775/6828/files/advanced-snail-92-all-in-one-cream-cosrx-official-11_c2148f07-68df-440d-9710-b3ab26914444.jpg?v=1724837123,https://cdn.shopify.com/s/files/1/0513/3775/6828/files/advanced-snail-92-all-in-one-cream-cosrx-official-12_04585de9-cdb8-4f80-971d-6e41612368a7.jpg?v=1704429415,https://cdn.shopify.com/s/files/1/0513/3775/6828/files/advanced-snail-92-all-in-one-cream-cosrx-official-13_3aae8823-0531-457f-be9d-a19059754031.jpg?v=1704429417",,50g / 1.76 oz.
Advanced Snail 92 All in One Cream,$39.00,"https://cdn.shopify.com/s/files/1/0513/3775/6828/files/snail_cream_thumbnail.png?v=1748420673,https://cdn.shopify.com/s/files/1/0513/3775/6828/files/advanced-snail-92-all-in-one-cream-cosrx-official-4.jpg?v=1762909943,https://cdn.shopify.com/s/files/1/0513/3775/6828/files/advanced-snail-92-all-in-one-cream-cosrx-official-2.jpg?v=1762909943,https://cdn.shopify.com/s/files/1/0513/3775/6828/files/advanced-snail-92-all-in-one-cream-cosrx-official-3.jpg?v=1762909943,https://cdn.shopify.com/s/files/1/0513/3775/6828/files/advanced-snail-92-all-in-one-cream-cosrx-official-5.jpg?v=1762909943,https://cdn.shopify.com/s/files/1/0513/3775/6828/files/advanced-snail-92-all-in-one-cream-cosrx-official-6.jpg?v=1762909943,https://cdn.shopify.com/s/files/1/0513/3775/6828/files/advanced-snail-92-all-in-one-cream-cosrx-official-8.jpg?v=1762909943,https://cdn.shopify.com/s/files/1/0513/3775/6828/files/advanced-snail-92-all-in-one-cream-cosrx-official-9.jpg?v=1762909943,https://cdn.shopify.com/s/files/1/0513/3775/6828/files/advanced-snail-92-all-in-one-cream-cosrx-official-10.png?v=1762909943,https://cdn.shopify.com/s/files/1/0513/3775/6828/files/advanced-snail-92-all-in-one-cream-cosrx-official-11.jpg?v=1762909943,https://cdn.shopify.com/s/files/1/0513/3775/6828/files/advanced-snail-92-all-in-one-cream-cosrx-official-12.jpg?v=1762909943,https://cdn.shopify.com/s/files/1/0513/3775/6828/files/advanced-snail-92-all-in-one-cream-cosrx-official-13.jpg?v=1762909943,https://cdn.shopify.com/s/files/1/0513/3775/6828/files/800x1067____231120.webp?v=1762909943,https://cdn.shopify.com/s/files/1/0513/3775/6828/files/advanced-snail-92-all-in-one-cream-cosrx-official-14.jpg?v=1762909943,https://cdn.shopify.com/s/files/1/0513/3775/6828/files/5_bc6986a1-1b85-42ce-b761-6bc4acbb07a3.png?v=1757571879,https://cdn.shopify.com/s/files/1/0513/3775/6828/files/advanced-snail-92-all-in-one-cream-cosrx-official-15.jpg?v=1757571879,https://cdn.shopify.com/s/files/1/0513/3775/6828/files/advanced-snail-92-all-in-one-cream-cosrx-official-16.jpg?v=1762909943,https://cdn.shopify.com/s/files/1/0513/3775/6828/files/SnailCream200g_800x1067_47f7bb84-ae86-468e-85ca-b86beb3a2f7c.jpg?v=1757571879",,"100g,50g,200g"
Advanced Snail 96 Mucin Power Essence,$25.00,"https://cdn.shopify.com/s/files/1/0513/3775/6828/files/james_800x1067_1_1_4e9750cc-2cd6-4817-ace5-be2305a85806.jpg?v=1763111577,https://cdn.shopify.com/s/files/1/0513/3775/6828/files/advanced-snail-96-mucin-power-essence-cosrx-official-4.jpg?v=1763111577,https://cdn.shopify.com/s/files/1/0513/3775/6828/files/Snail96Essence_8.jpg?v=1763111577,https://cdn.shopify.com/s/files/1/0513/3775/6828/files/advanced-snail-96-mucin-power-essence-cosrx-official-3.jpg?v=1763111577,https://cdn.shopify.com/s/files/1/0513/3775/6828/files/advanced-snail-96-mucin-power-essence-cosrx-official-5.png?v=1763111577,https://cdn.shopify.com/s/files/1/0513/3775/6828/files/advanced-snail-96-mucin-power-essence-cosrx-official-6.jpg?v=1763111577,https://cdn.shopify.com/s/files/1/0513/3775/6828/files/advanced-snail-96-mucin-power-essence-cosrx-official-7.jpg?v=1763111577,https://cdn.shopify.com/s/files/1/0513/3775/6828/files/advanced-snail-96-mucin-power-essence-cosrx-official-8.jpg?v=1763111577,https://cdn.shopify.com/s/files/1/0513/3775/6828/files/advanced-snail-96-mucin-power-essence-cosrx-official-9.jpg?v=1763111577,https://cdn.shopify.com/s/files/1/0513/3775/6828/files/800x1067____231120_e9c80f69-91e9-4f80-99f4-e62372240f7b.webp?v=1763111577,https://cdn.shopify.com/s/files/1/0513/3775/6828/files/260722_snailmucin_800x1067_79f91ebd-dde6-45a1-9928-1d6af0daae17.jpg?v=1784707120,https://cdn.shopify.com/s/files/1/0513/3775/6828/files/260722_snail_mucin50ml_800x1067_3a819f68-26dc-4b26-b84b-6618538a788d.jpg?v=1784707106,https://cdn.shopify.com/s/files/1/0513/3775/6828/files/advanced-snail-96-mucin-power-essence-cosrx-official-10.jpg?v=1763111577",,"3.38 fl.oz / 100mL,1.69 fl. oz / 50ml,1.01 fl.oz / 30mL"
Advanced Snail Hydrogel Eye Patch,$28.00,"https://cdn.shopify.com/s/files/1/0513/3775/6828/files/AnyConv.com__Snail-eye-patch2_800x1067_e8793905-5ab9-4172-a398-5d25b6cf39cc.webp?v=1765523642,https://cdn.shopify.com/s/files/1/0513/3775/6828/files/advanced-snail-hydrogel-eye-patch-cosrx-official-2.jpg?v=1765523642,https://cdn.shopify.com/s/files/1/0513/3775/6828/files/advanced-snail-hydrogel-eye-patch-cosrx-official-3.jpg?v=1765523642,https://cdn.shopify.com/s/files/1/0513/3775/6828/files/advanced-snail-hydrogel-eye-patch-cosrx-official-4.jpg?v=1765523642,https://cdn.shopify.com/s/files/1/0513/3775/6828/files/advanced-snail-hydrogel-eye-patch-cosrx-official-5.jpg?v=1765523642,https://cdn.shopify.com/s/files/1/0513/3775/6828/files/advanced-snail-hydrogel-eye-patch-cosrx-official-6.jpg?v=1765523642,https://cdn.shopify.com/s/files/1/0513/3775/6828/files/advanced-snail-hydrogel-eye-patch-cosrx-official-7.jpg?v=1765523642,https://cdn.shopify.com/s/files/1/0513/3775/6828/files/advanced-snail-hydrogel-eye-patch-cosrx-official-8.jpg?v=1765523642",,60 patches / 3.17 oz
Advanced Snail Mucin Gel Cleanser,$18.00,"https://cdn.shopify.com/s/files/1/0513/3775/6828/files/advanced-snail-mucin-gel-cleanser-cosrx-official-1.png?v=1724835788,https://cdn.shopify.com/s/files/1/0513/3775/6828/files/01_25d36ef8-9a2e-4e01-bcbd-b2e6892d5c78.webp?v=1778476700,https://cdn.shopify.com/s/files/1/0513/3775/6828/files/02_c61cc26b-48c6-4a29-b4e3-d90e9f8dbdaf.webp?v=1778476700,https://cdn.shopify.com/s/files/1/0513/3775/6828/files/05_4c01dd41-694a-41e8-a188-ef58df4a4951.webp?v=1778476701,https://cdn.shopify.com/s/files/1/0513/3775/6828/files/06_01ffbae8-bc65-4996-ab1a-a560035c7eb8.webp?v=1778476701,https://cdn.shopify.com/s/files/1/0513/3775/6828/files/07_2dc35b15-59c3-4e4f-956a-eaade767712a.webp?v=1778476700,https://cdn.shopify.com/s/files/1/0513/3775/6828/files/04_57ed2cec-7e25-4887-a84c-d814e946cf79.webp?v=1778476701,https://cdn.shopify.com/s/files/1/0513/3775/6828/files/08_5f155054-c22c-409f-872b-9aedfebfdc55.webp?v=1778476701",,"5.07 fl.oz / 150ml,1.69 fl.oz / 50ml"
Advanced Snail Mucin Glass Glow Hydrogel Mask,$15.00,"https://cdn.shopify.com/s/files/1/0513/3775/6828/files/Snail_Hydrogel_Mask_BAZAAR.jpg?v=1759391631,https://cdn.shopify.com/s/files/1/0513/3775/6828/files/Snail_Hydrogel_Mask_01__2.jpg?v=1775196344,https://cdn.shopify.com/s/files/1/0513/3775/6828/files/Snail_Hydrogel_Mask_02__4.jpg?v=1775196344,https://cdn.shopify.com/s/files/1/0513/3775/6828/files/Snail_Hydrogel_Mask_05__3.jpg?v=1775196344,https://cdn.shopify.com/s/files/1/0513/3775/6828/files/Snail_Hydrogel_Mask_06__2.jpg?v=1775196344,https://cdn.shopify.com/s/files/1/0513/3775/6828/files/Snail_Hydrogel_Mask_07__2.jpg?v=1775196344,https://cdn.shopify.com/s/files/1/0513/3775/6828/files/Snail_Hydrogel_Mask_08__2.jpg?v=1775196344,https://cdn.shopify.com/s/files/1/0513/3775/6828/files/Snail_Hydrogel_Mask_09__2.jpg?v=1775196344,https://cdn.shopify.com/s/files/1/0513/3775/6828/files/Snail_Hydrogel_Mask_10__2.jpg?v=1775196344,https://cdn.shopify.com/s/files/1/0513/3775/6828/files/Snail_Hydrogel_Mask_11__2.jpg?v=1775196344,https://cdn.shopify.com/s/files/1/0513/3775/6828/files/Snail_Hydrogel_Mask_12__2.jpg?v=1775196344,https://cdn.shopify.com/s/files/1/0513/3775/6828/files/Snail_Hydrogel_Mask_14__2.jpg?v=1775196344,https://cdn.shopify.com/s/files/1/0513/3775/6828/files/Snail_Hydrogel_Mask_15.jpg?v=1775196344,https://cdn.shopify.com/s/files/1/0513/3775/6828/files/Snail_Hydrogel_Mask_16.jpg?v=1775196344,https://cdn.shopify.com/s/files/1/0513/3775/6828/files/1_b033c958-e756-4b27-ba08-55ef9a5f0b87.png?v=1775196344",,
Advanced Snail Mucin Power Sheet Mask 10 Sheets,$25.00,"https://cdn.shopify.com/s/files/1/0513/3775/6828/files/advanced-snail-mucin-power-sheet-mask-10-sheets-cosrx-official-1.jpg?v=1724835952,https://cdn.shopify.com/s/files/1/0513/3775/6828/files/advanced-snail-mucin-power-sheet-mask-10-sheets-cosrx-official-2.jpg?v=1724835954,https://cdn.shopify.com/s/files/1/0513/3775/6828/files/advanced-snail-mucin-power-sheet-mask-10-sheets-cosrx-official-3.jpg?v=1724835956,https://cdn.shopify.com/s/files/1/0513/3775/6828/files/advanced-snail-mucin-power-sheet-mask-10-sheets-cosrx-official-4.jpg?v=1731391990,https://cdn.shopify.com/s/files/1/0513/3775/6828/files/advanced-snail-mucin-power-sheet-mask-10-sheets-cosrx-official-5.jpg?v=1724835960,https://cdn.shopify.com/s/files/1/0513/3775/6828/files/advanced-snail-mucin-power-sheet-mask-10-sheets-cosrx-official-6.jpg?v=1724835963,https://cdn.shopify.com/s/files/1/0513/3775/6828/files/advanced-snail-mucin-power-sheet-mask-10-sheets-cosrx-official-7.jpg?v=1724835965,https://cdn.shopify.com/s/files/1/0513/3775/6828/files/advanced-snail-mucin-power-sheet-mask-10-sheets-cosrx-official-8.jpg?v=1724835967,https://cdn.shopify.com/s/files/1/0513/3775/6828/files/advanced-snail-mucin-power-sheet-mask-10-sheets-cosrx-official-9.jpg?v=1724835969,https://cdn.shopify.com/s/files/1/0513/3775/6828/files/advanced-snail-mucin-power-sheet-mask-10-sheets-cosrx-official-10.jpg?v=1724835971,https://cdn.shopify.com/s/files/1/0513/3775/6828/files/advanced-snail-mucin-power-sheet-mask-10-sheets-cosrx-official-11.jpg?v=1724835972",,
Advanced Snail Peptide Eye Cream,$28.00,"https://cdn.shopify.com/s/files/1/0513/3775/6828/files/advanced-snail-peptide-eye-cream-cosrx-official-1.png?v=1724835637,https://cdn.shopify.com/s/files/1/0513/3775/6828/files/SnailEyecream_01.webp?v=1778476464,https://cdn.shopify.com/s/files/1/0513/3775/6828/files/SnailEyecream_04.webp?v=1778476464,https://cdn.shopify.com/s/files/1/0513/3775/6828/files/SnailEyecream_05.webp?v=1778476464,https://cdn.shopify.com/s/files/1/0513/3775/6828/files/SnailEyecream_06.webp?v=1778476464,https://cdn.shopify.com/s/files/1/0513/3775/6828/files/SnailEyecream_07.webp?v=1778476464,https://cdn.shopify.com/s/files/1/0513/3775/6828/files/SnailEyecream_08.webp?v=1778476464",,0.85 fl.oz / 25ml
Advanced Snail Radiance Dual Essence,$28.00,"https://cdn.shopify.com/s/files/1/0513/3775/6828/files/advanced-snail-radiance-dual-essence-cosrx-official-1.png?v=1724835811,https://cdn.shopify.com/s/files/1/0513/3775/6828/files/advanced-snail-radiance-dual-essence-cosrx-official-2.jpg?v=1724835813,https://cdn.shopify.com/s/files/1/0513/3775/6828/files/advanced-snail-radiance-dual-essence-cosrx-official-3.jpg?v=1724835815,https://cdn.shopify.com/s/files/1/0513/3775/6828/files/advanced-snail-radiance-dual-essence-cosrx-official-4.jpg?v=1724835818,https://cdn.shopify.com/s/files/1/0513/3775/6828/files/advanced-snail-radiance-dual-essence-cosrx-official-5.png?v=1724835820,https://cdn.shopify.com/s/files/1/0513/3775/6828/files/advanced-snail-radiance-dual-essence-cosrx-official-6.jpg?v=1724835824,https://cdn.shopify.com/s/files/1/0513/3775/6828/files/advanced-snail-radiance-dual-essence-cosrx-official-7.jpg?v=1724835826,https://cdn.shopify.com/s/files/1/0513/3775/6828/files/advanced-snail-radiance-dual-essence-cosrx-official-8.jpg?v=1724835828,https://cdn.shopify.com/s/files/1/0513/3775/6828/files/advanced-snail-radiance-dual-essence-cosrx-official-9.jpg?v=1724835830,https://cdn.shopify.com/s/files/1/0513/3775/6828/files/advanced-snail-radiance-dual-essence-cosrx-official-10.jpg?v=1724835832,https://cdn.shopify.com/s/files/1/0513/3775/6828/files/advanced-snail-radiance-dual-essence-cosrx-official-11.jpg?v=1724835835",,2.70 fl.oz / 80ml
Advanced The Vitamin C 23 Serum,$75.00,"https://cdn.shopify.com/s/files/1/0513/3775/6828/files/Advanced_VitaminC23_00.webp?v=1760935746,https://cdn.shopify.com/s/files/1/0513/3775/6828/files/Advanced_VitaminC23_01__4.webp?v=1760935746,https://cdn.shopify.com/s/files/1/0513/3775/6828/files/VitaminC__-__1.jpg?v=1780659273,https://cdn.shopify.com/s/files/1/0513/3775/6828/files/Advanced_VitaminC23_02__4.webp?v=1760935746,https://cdn.shopify.com/s/files/1/0513/3775/6828/files/Advanced_VitaminC23_04.webp?v=1760935746,https://cdn.shopify.com/s/files/1/0513/3775/6828/files/Advanced_VitaminC23_05.webp?v=1760935746,https://cdn.shopify.com/s/files/1/0513/3775/6828/files/Advanced_VitaminC23_06.webp?v=1760935746,https://cdn.shopify.com/s/files/1/0513/3775/6828/files/Advanced_VitaminC23_08__3.webp?v=1760935747,https://cdn.shopify.com/s/files/1/0513/3775/6828/files/Advanced_VitaminC23_09.webp?v=1760935746,https://cdn.shopify.com/s/files/1/0513/3775/6828/files/Advanced_VitaminC23_10.webp?v=1760935747,https://cdn.shopify.com/s/files/1/0513/3775/6828/files/Advanced_VitaminC23_11__3.jpg?v=1761640745,https://cdn.shopify.com/s/files/1/0513/3775/6828/files/Advanced_VitaminC23_12.webp?v=1761640745,https://cdn.shopify.com/s/files/1/0513/3775/6828/files/Advanced_VitaminC23_13.webp?v=1761640745,https://cdn.shopify.com/s/files/1/0513/3775/6828/files/Advanced_VitaminC23_07.webp?v=1761640745,https://cdn.shopify.com/s/files/1/0513/3775/6828/files/Advanced_VitaminC23_14.webp?v=1761640745,https://cdn.shopify.com/s/files/1/0513/3775/6828/files/Advanced_VitaminC23_15.webp?v=1761640745,https://cdn.shopify.com/s/files/1/0513/3775/6828/files/Advanced_VitaminC23_16.webp?v=1761640745,https://cdn.shopify.com/s/files/1/0513/3775/6828/files/Advanced_VitaminC23_17.webp?v=1761640745,https://cdn.shopify.com/s/files/1/0513/3775/6828/files/Advanced_VitaminC23_18.webp?v=1761640745,https://cdn.shopify.com/s/files/1/0513/3775/6828/files/Advanced_VitaminC23_19__3.webp?v=1761640745",,20ml / 0.67fl. oz
AHA 7 Whitehead Power Liquid,$22.00,"https://cdn.shopify.com/s/files/1/0513/3775/6828/files/aha-7-whitehead-power-liquid-cosrx-official-1.jpg?v=1724835611,https://cdn.shopify.com/s/files/1/0513/3775/6828/files/aha-7-whitehead-power-liquid-cosrx-official-2.jpg?v=1724835613,https://cdn.shopify.com/s/files/1/0513/3775/6828/files/aha-7-whitehead-power-liquid-cosrx-official-3.jpg?v=1724835615,https://cdn.shopify.com/s/files/1/0513/3775/6828/files/aha-7-whitehead-power-liquid-cosrx-official-4.jpg?v=1724835617,https://cdn.shopify.com/s/files/1/0513/3775/6828/files/aha-7-whitehead-power-liquid-cosrx-official-5.jpg?v=1724835620,https://cdn.shopify.com/s/files/1/0513/3775/6828/files/aha-7-whitehead-power-liquid-cosrx-official-6.jpg?v=1724835622,https://cdn.shopify.com/s/files/1/0513/3775/6828/files/aha-7-whitehead-power-liquid-cosrx-official-7.jpg?v=1724835624,https://cdn.shopify.com/s/files/1/0513/3775/6828/files/aha-7-whitehead-power-liquid-cosrx-official-8.jpg?v=1724835627,https://cdn.shopify.com/s/files/1/0513/3775/6828/files/aha-7-whitehead-power-liquid-cosrx-official-9.jpg?v=1724835629,https://cdn.shopify.com/s/files/1/0513/3775/6828/files/The_35peel_17_e9c57fea-e76d-47f7-8bda-cc34583c0d27.webp?v=1724835631,https://cdn.shopify.com/s/files/1/0513/3775/6828/files/aha-7-whitehead-power-liquid-cosrx-official-11.jpg?v=1724835634,https://cdn.shopify.com/s/files/1/0513/3775/6828/files/800x1067___7__231120.webp?v=1704429303",,3.38 fl.oz / 100ml
AHA/BHA Clarifying Treatment Toner,$20.00,"https://cdn.shopify.com/s/files/1/0513/3775/6828/files/ahabha-clarifying-treatment-toner-cosrx-official-1.jpg?v=1724835581,https://cdn.shopify.com/s/files/1/0513/3775/6828/files/AHABHA_Toner_01B.webp?v=1780986536,https://cdn.shopify.com/s/files/1/0513/3775/6828/files/AHABHA_Toner_02__2.webp?v=1780905670,https://cdn.shopify.com/s/files/1/0513/3775/6828/files/AHABHA_Toner_03B.webp?v=1780905670,https://cdn.shopify.com/s/files/1/0513/3775/6828/files/AHABHA_Toner_06.webp?v=1780905670,https://cdn.shopify.com/s/files/1/0513/3775/6828/files/AHABHA_Toner_07B.webp?v=1780905671,https://cdn.shopify.com/s/files/1/0513/3775/6828/files/AHABHA_Toner_09.webp?v=1780905671,https://cdn.shopify.com/s/files/1/0513/3775/6828/files/AHABHA_Toner_10.webp?v=1780905670,https://cdn.shopify.com/s/files/1/0513/3775/6828/files/AHABHA_Toner_11.webp?v=1780905671,https://cdn.shopify.com/s/files/1/0513/3775/6828/files/AHABHA_Toner_12.webp?v=1780905670,https://cdn.shopify.com/s/files/1/0513/3775/6828/files/AHABHA_Toner_13.webp?v=1780905670",,5.07 fl.oz / 150ml
ALL ABOUT SNAIL KIT 4-step,$25.00,"https://cdn.shopify.com/s/files/1/0513/3775/6828/files/all-about-snail-kit-4-step-cosrx-official-1.png?v=1724835890,https://cdn.shopify.com/s/files/1/0513/3775/6828/files/all-about-snail-kit-4-step-cosrx-official-2.jpg?v=1724835892,https://cdn.shopify.com/s/files/1/0513/3775/6828/files/all-about-snail-kit-4-step-cosrx-official-3.jpg?v=1724835894,https://cdn.shopify.com/s/files/1/0513/3775/6828/files/all-about-snail-kit-4-step-cosrx-official-4.jpg?v=1724835896,https://cdn.shopify.com/s/files/1/0513/3775/6828/files/all-about-snail-kit-4-step-cosrx-official-5.jpg?v=1724835899,https://cdn.shopify.com/s/files/1/0513/3775/6828/files/all-about-snail-kit-4-step-cosrx-official-6.jpg?v=1724835901,https://cdn.shopify.com/s/files/1/0513/3775/6828/files/all-about-snail-kit-4-step-cosrx-official-7.jpg?v=1724835903,https://cdn.shopify.com/s/files/1/0513/3775/6828/files/all-about-snail-kit-4-step-cosrx-official-8.jpg?v=1724835905,https://cdn.shopify.com/s/files/1/0513/3775/6828/files/all-about-snail-kit-4-step-cosrx-official-9.jpg?v=1724835907,https://cdn.shopify.com/s/files/1/0513/3775/6828/files/all-about-snail-kit-4-step-cosrx-official-10.jpg?v=1724835910,https://cdn.shopify.com/s/files/1/0513/3775/6828/files/all-about-snail-kit-4-step-cosrx-official-11.jpg?v=1724835912",,
All-Day Sun Protection Duo,$46.00,https://cdn.shopify.com/s/files/1/0513/3775/6828/files/e_-__800x1067_e51c42f1-fbf8-4f2d-987a-20a9d10cdd74.jpg?v=1776761697,,
Balancium Comfort Ceramide Cream,$26.00,"https://cdn.shopify.com/s/files/1/0513/3775/6828/files/balancium-comfort-ceramide-cream-cosrx-official-1.jpg?v=1724836862,https://cdn.shopify.com/s/files/1/0513/3775/6828/files/balancium-comfort-ceramide-cream-cosrx-official-2.jpg?v=1724836864,https://cdn.shopify.com/s/files/1/0513/3775/6828/files/balancium-comfort-ceramide-cream-cosrx-official-3.jpg?v=1724836866,https://cdn.shopify.com/s/files/1/0513/3775/6828/files/balancium-comfort-ceramide-cream-cosrx-official-4.jpg?v=1724836868,https://cdn.shopify.com/s/files/1/0513/3775/6828/files/balancium-comfort-ceramide-cream-cosrx-official-5.jpg?v=1724836870,https://cdn.shopify.com/s/files/1/0513/3775/6828/files/balancium-comfort-ceramide-cream-cosrx-official-6.jpg?v=1724836872,https://cdn.shopify.com/s/files/1/0513/3775/6828/files/balancium-comfort-ceramide-cream-cosrx-official-7.jpg?v=1724836874",,2.82 oz / 80g
Balancium Comfort Ceramide Soft Cream Sheet Mask,$6.00,"https://cdn.shopify.com/s/files/1/0513/3775/6828/files/balancium-comfort-ceramide-soft-cream-sheet-mask-cosrx-official-1.jpg?v=1724835930,https://cdn.shopify.com/s/files/1/0513/3775/6828/files/balancium-comfort-ceramide-soft-cream-sheet-mask-cosrx-official-2.jpg?v=1724835932,https://cdn.shopify.com/s/files/1/0513/3775/6828/files/balancium-comfort-ceramide-soft-cream-sheet-mask-cosrx-official-3.jpg?v=1724835934,https://cdn.shopify.com/s/files/1/0513/3775/6828/files/balancium-comfort-ceramide-soft-cream-sheet-mask-cosrx-official-4.jpg?v=1724835936,https://cdn.shopify.com/s/files/1/0513/3775/6828/files/balancium-comfort-ceramide-soft-cream-sheet-mask-cosrx-official-5.jpg?v=1724835939,https://cdn.shopify.com/s/files/1/0513/3775/6828/files/balancium-comfort-ceramide-soft-cream-sheet-mask-cosrx-official-6.jpg?v=1724835941,https://cdn.shopify.com/s/files/1/0513/3775/6828/files/balancium-comfort-ceramide-soft-cream-sheet-mask-cosrx-official-7.jpg?v=1724835944,https://cdn.shopify.com/s/files/1/0513/3775/6828/files/balancium-comfort-ceramide-soft-cream-sheet-mask-cosrx-official-8.jpg?v=1724835946,https://cdn.shopify.com/s/files/1/0513/3775/6828/files/balancium-comfort-ceramide-soft-cream-sheet-mask-cosrx-official-9.jpg?v=1724835948,https://cdn.shopify.com/s/files/1/0513/3775/6828/files/balancium-comfort-ceramide-soft-cream-sheet-mask-cosrx-official-10.jpg?v=1724835950",,1ea
BHA Blackhead Power Liquid,$25.00,"https://cdn.shopify.com/s/files/1/0513/3775/6828/files/bha-blackhead-power-liquid-cosrx-official-1.jpg?v=1689840681,https://cdn.shopify.com/s/files/1/0513/3775/6828/files/BHA_Blackhead_Toner_01_1.webp?v=1780904909,https://cdn.shopify.com/s/files/1/0513/3775/6828/files/BHA_Blackhead_Toner_03_1.webp?v=1780904909,https://cdn.shopify.com/s/files/1/0513/3775/6828/files/BHA_Blackhead_Toner_05_1.webp?v=1780904954,https://cdn.shopify.com/s/files/1/0513/3775/6828/files/BHA_Blackhead_Toner_06_1.webp?v=1780904977,https://cdn.shopify.com/s/files/1/0513/3775/6828/files/BHA_Blackhead_Toner_07_1.webp?v=1780904909,https://cdn.shopify.com/s/files/1/0513/3775/6828/files/BHA_Blackhead_Toner_08.jpg?v=1783658778,https://cdn.shopify.com/s/files/1/0513/3775/6828/files/BHA_Blackhead_Toner_09_1.webp?v=1780904909,https://cdn.shopify.com/s/files/1/0513/3775/6828/files/BHA_Blackhead_Toner_10_1.webp?v=1780904909",,100ml / 3.38 fl. oz
Centella Blemish Cream,$21.00,"https://cdn.shopify.com/s/files/1/0513/3775/6828/files/centella-blemish-cream-cosrx-official-1.jpg?v=1724835126,https://cdn.shopify.com/s/files/1/0513/3775/6828/files/centella-blemish-cream-cosrx-official-2.jpg?v=1724835128,https://cdn.shopify.com/s/files/1/0513/3775/6828/files/centella-blemish-cream-cosrx-official-3.jpg?v=1724835130,https://cdn.shopify.com/s/files/1/0513/3775/6828/files/centella-blemish-cream-cosrx-official-4.jpg?v=1724835132,https://cdn.shopify.com/s/files/1/0513/3775/6828/files/centella-blemish-cream-cosrx-official-5.jpg?v=1724835134,https://cdn.shopify.com/s/files/1/0513/3775/6828/files/centella-blemish-cream-cosrx-official-6.jpg?v=1724835136,https://cdn.shopify.com/s/files/1/0513/3775/6828/files/centella-blemish-cream-cosrx-official-7.jpg?v=1724835139",,1.05 fl.oz / 30g
Centella Water Alcohol-Free Toner,$17.00,"https://cdn.shopify.com/s/files/1/0513/3775/6828/files/centella-water-alcohol-free-toner-cosrx-official-1.jpg?v=1724835527,https://cdn.shopify.com/s/files/1/0513/3775/6828/files/centella-water-alcohol-free-toner-cosrx-official-2.jpg?v=1724835530,https://cdn.shopify.com/s/files/1/0513/3775/6828/files/centella-water-alcohol-free-toner-cosrx-official-3.jpg?v=1724835532",,150ml / 5.07 fl. oz
Clear Fit Master Patch,$6.00,"https://cdn.shopify.com/s/files/1/0513/3775/6828/files/clear-fit-master-patch-cosrx-official-1.jpg?v=1724835502,https://cdn.shopify.com/s/files/1/0513/3775/6828/files/clear-fit-master-patch-cosrx-official-2.jpg?v=1724835504,https://cdn.shopify.com/s/files/1/0513/3775/6828/files/clear-fit-master-patch-cosrx-official-3.jpg?v=1724835506,https://cdn.shopify.com/s/files/1/0513/3775/6828/files/clear-fit-master-patch-cosrx-official-4.jpg?v=1724041143,https://cdn.shopify.com/s/files/1/0513/3775/6828/files/clear-fit-master-patch-cosrx-official-5.jpg?v=1724835510,https://cdn.shopify.com/s/files/1/0513/3775/6828/files/clear-fit-master-patch-cosrx-official-6.jpg?v=1724835512",,
COSRX 5 PDRN B5 Vital Soothing Toner,$23.00,"https://cdn.shopify.com/s/files/1/0513/3775/6828/files/5PDRN_Toner_00.webp?v=1761526535,https://cdn.shopify.com/s/files/1/0513/3775/6828/files/5PDRN_Toner_01__2.webp?v=1761732095,https://cdn.shopify.com/s/files/1/0513/3775/6828/files/5PDRN_Toner_02.webp?v=1761732095,https://cdn.shopify.com/s/files/1/0513/3775/6828/files/5PDRN_Toner_03.webp?v=1761732095,https://cdn.shopify.com/s/files/1/0513/3775/6828/files/5PDRN_Toner_04.webp?v=1761732095,https://cdn.shopify.com/s/files/1/0513/3775/6828/files/5PDRN_Toner_05.webp?v=1761732095,https://cdn.shopify.com/s/files/1/0513/3775/6828/files/5PDRN_Toner_07__2.webp?v=1762906197,https://cdn.shopify.com/s/files/1/0513/3775/6828/files/5PDRN_Toner_09__2.webp?v=1762906197,https://cdn.shopify.com/s/files/1/0513/3775/6828/files/5PDRN_Toner_10.webp?v=1762906197,https://cdn.shopify.com/s/files/1/0513/3775/6828/files/5PDRN_Toner_12.webp?v=1762906197,https://cdn.shopify.com/s/files/1/0513/3775/6828/files/5PDRN_Toner_14.webp?v=1762906197,https://cdn.shopify.com/s/files/1/0513/3775/6828/files/5PDRN_Serum_17.webp?v=1762906197,https://cdn.shopify.com/s/files/1/0513/3775/6828/files/5PDRN_Serum_18__2.webp?v=1762906197,https://cdn.shopify.com/s/files/1/0513/3775/6828/files/5PDRN_Toner_small_090947f5-045b-4df5-8c53-548d7db64f19.jpg?v=1780550880",,"280 mL / 9.46 fl oz,80 mL / 2.71 fl oz"
COSRX 5 PDRN Collagen Intense Vitalizing Serum,$25.00,"https://cdn.shopify.com/s/files/1/0513/3775/6828/files/5PDRN_Serum_00_41bfc9ae-bbf5-40a2-a27c-35b27a2f0780.webp?v=1761526605,https://cdn.shopify.com/s/files/1/0513/3775/6828/files/5PDRN_Serum_01__2_1.webp?v=1761900283,https://cdn.shopify.com/s/files/1/0513/3775/6828/files/5PDRN_Serum_02__1.webp?v=1761900283,https://cdn.shopify.com/s/files/1/0513/3775/6828/files/5PDRN_Serum_03__1.webp?v=1761900283,https://cdn.shopify.com/s/files/1/0513/3775/6828/files/5PDRN_Serum_04__1.webp?v=1761900283,https://cdn.shopify.com/s/files/1/0513/3775/6828/files/5PDRN_Serum_05__1.webp?v=1761900283,https://cdn.shopify.com/s/files/1/0513/3775/6828/files/5PDRN_Serum_08__2_1.webp?v=1762906527,https://cdn.shopify.com/s/files/1/0513/3775/6828/files/5PDRN_Serum_10__1.webp?v=1762906527,https://cdn.shopify.com/s/files/1/0513/3775/6828/files/5PDRN_Serum_11__1.webp?v=1762906527,https://cdn.shopify.com/s/files/1/0513/3775/6828/files/5PDRN_Serum_13__1.webp?v=1762906527,https://cdn.shopify.com/s/files/1/0513/3775/6828/files/5PDRN_Serum_14__1.webp?v=1762906527,https://cdn.shopify.com/s/files/1/0513/3775/6828/files/5PDRN_Serum_17.jpg?v=1762906527,https://cdn.shopify.com/s/files/1/0513/3775/6828/files/5PDRN_Serum_18__2.jpg?v=1762906527,https://cdn.shopify.com/s/files/1/0513/3775/6828/files/5PDRN_Serum_small_fcd9651e-2b7e-450f-941e-228aae44457e.jpg?v=1780550849",,"100 mL / 3.38 fl oz,50 mL / 1.69 fl oz"
COSRX 5 PDRN Collagen Vitalizing Hydrogel Eye Patch,$69.00,"https://cdn.shopify.com/s/files/1/0513/3775/6828/files/5PDRN_EyePatch_00.webp?v=1772608315,https://cdn.shopify.com/s/files/1/0513/3775/6828/files/5PDRN_EyePatch_01.webp?v=1772608315,https://cdn.shopify.com/s/files/1/0513/3775/6828/files/5PDRN_EyePatch_02.webp?v=1772608315,https://cdn.shopify.com/s/files/1/0513/3775/6828/files/5PDRN_EyePatch_03_8bd422aa-f32b-4332-870b-0b2f5bfed3a1.webp?v=1772759966,https://cdn.shopify.com/s/files/1/0513/3775/6828/files/5PDRN_EyePatch_04.webp?v=1772759966,https://cdn.shopify.com/s/files/1/0513/3775/6828/files/5PDRN_EyePatch_05.webp?v=1772759966,https://cdn.shopify.com/s/files/1/0513/3775/6828/files/5PDRN_EyePatch_07.webp?v=1772759966,https://cdn.shopify.com/s/files/1/0513/3775/6828/files/5PDRN_EyePatch_08_abec475b-8a49-4ad8-b363-9a88957bec31.webp?v=1772759966,https://cdn.shopify.com/s/files/1/0513/3775/6828/files/5PDRN_EyePatch_09.webp?v=1772759966,https://cdn.shopify.com/s/files/1/0513/3775/6828/files/5PDRN_EyePatch_11.webp?v=1772759966,https://cdn.shopify.com/s/files/1/0513/3775/6828/files/5PDRN_EyePatch_13_db2af273-c0e2-465b-bf71-5c7f3743b889.webp?v=1772759966,https://cdn.shopify.com/s/files/1/0513/3775/6828/files/5PDRN_EyePatch_14.webp?v=1772759966,https://cdn.shopify.com/s/files/1/0513/3775/6828/files/5PDRN_EyePatch_15.webp?v=1772759966,https://cdn.shopify.com/s/files/1/0513/3775/6828/files/5PDRN_EyePatch_16.webp?v=1772759966,https://cdn.shopify.com/s/files/1/0513/3775/6828/files/5PDRN_EyePatch_17.webp?v=1772759966,https://cdn.shopify.com/s/files/1/0513/3775/6828/files/5PDRN_EyePatch_18.webp?v=1772759966,https://cdn.shopify.com/s/files/1/0513/3775/6828/files/5PDRN_EyePatch_19.webp?v=1772759966,https://cdn.shopify.com/s/files/1/0513/3775/6828/files/5PDRN_EyePatch_20.webp?v=1772759966,https://cdn.shopify.com/s/files/1/0513/3775/6828/files/5PDRN_EyePatch_21.webp?v=1772759966,https://cdn.shopify.com/s/files/1/0513/3775/6828/files/5PDRN_EyePatch_22.webp?v=1772759966,https://cdn.shopify.com/s/files/1/0513/3775/6828/files/5PDRN_EyePatch_23.webp?v=1772759966",,60 patches (85g)
COSRX 5 PDRN Hyaluronic Acid Vital Hydrating Hydrogel Mask,$15.00,"https://cdn.shopify.com/s/files/1/0513/3775/6828/files/5PDRN_Hydrogel_Mask_00.webp?v=1761526641,https://cdn.shopify.com/s/files/1/0513/3775/6828/files/5PDRN_Hydrogel_Mask_02.webp?v=1775194995,https://cdn.shopify.com/s/files/1/0513/3775/6828/files/5PDRN_Hydrogel_Mask_03.webp?v=1775194995,https://cdn.shopify.com/s/files/1/0513/3775/6828/files/5PDRN_Hydrogel_Mask_05.webp?v=1775194995,https://cdn.shopify.com/s/files/1/0513/3775/6828/files/5PDRN_Hydrogel_Mask_07.webp?v=1775194995,https://cdn.shopify.com/s/files/1/0513/3775/6828/files/5PDRN_Hydrogel_Mask_08.webp?v=1775194995,https://cdn.shopify.com/s/files/1/0513/3775/6828/files/5PDRN_Hydrogel_Mask_09.webp?v=1775194995,https://cdn.shopify.com/s/files/1/0513/3775/6828/files/5PDRN_Hydrogel_Mask_10.webp?v=1775194995,https://cdn.shopify.com/s/files/1/0513/3775/6828/files/5PDRN_Hydrogel_Mask_11.webp?v=1775194995,https://cdn.shopify.com/s/files/1/0513/3775/6828/files/5PDRN_Hydrogel_Mask_12.webp?v=1775194995,https://cdn.shopify.com/s/files/1/0513/3775/6828/files/5PDRN_Hydrogel_Mask_13.webp?v=1775194995,https://cdn.shopify.com/s/files/1/0513/3775/6828/files/5PDRN_Hydrogel_Mask_14.webp?v=1775194995,https://cdn.shopify.com/s/files/1/0513/3775/6828/files/5PDRN_Hydrogel_Mask_15.webp?v=1775194995,https://cdn.shopify.com/s/files/1/0513/3775/6828/files/5PDRN_Hydrogel_Mask_16-1.webp?v=1775194995,https://cdn.shopify.com/s/files/1/0513/3775/6828/files/5PDRN_Hydrogel_Mask_17_1.webp?v=1775194995,https://cdn.shopify.com/s/files/1/0513/3775/6828/files/5PDRN_Hydrogel_Mask_19.webp?v=1775194995,https://cdn.shopify.com/s/files/1/0513/3775/6828/files/5PDRN_Hydrogel_Mask_20.webp?v=1775194995,https://cdn.shopify.com/s/files/1/0513/3775/6828/files/5PDRN_Hydrogel_Mask_21.webp?v=1775194995,https://cdn.shopify.com/s/files/1/0513/3775/6828/files/5PDRN_Hydrogel_Mask_22.webp?v=1775194995,https://cdn.shopify.com/s/files/1/0513/3775/6828/files/5PDRN_Hydrogel_Mask_23.webp?v=1775194995,https://cdn.shopify.com/s/files/1/0513/3775/6828/files/5PDRN_Hydrogel_Mask_24.webp?v=1775194995,https://cdn.shopify.com/s/files/1/0513/3775/6828/files/1_aa33d15d-932c-41fd-9443-4c873458fea7.jpg?v=1775194995",,
COSRX AIRY-LIGHT OIL CONTROL CLEAR SUNSCREEN STICK SPF 50,$23.00,"https://cdn.shopify.com/s/files/1/0513/3775/6828/files/Airy-Light_Clear_SunStick_00_ffd57aae-2ac6-4ab6-870a-ccd935fc20c3.jpg?v=1778562098,https://cdn.shopify.com/s/files/1/0513/3775/6828/files/Airy-Light_Clear_SunStick_01F.webp?v=1749085530,https://cdn.shopify.com/s/files/1/0513/3775/6828/files/Airy-Light_Clear_SunStick_02__2.webp?v=1749085530,https://cdn.shopify.com/s/files/1/0513/3775/6828/files/Airy-Light_Clear_SunStick_03__3.jpg?v=1774597090,https://cdn.shopify.com/s/files/1/0513/3775/6828/files/Airy-Light_Clear_SunStick_04__2.webp?v=1774597090,https://cdn.shopify.com/s/files/1/0513/3775/6828/files/Airy-Light_Clear_SunStick_05__2.webp?v=1774597090,https://cdn.shopify.com/s/files/1/0513/3775/6828/files/Airy-Light_Clear_SunStick_08__2.webp?v=1774597090,https://cdn.shopify.com/s/files/1/0513/3775/6828/files/Airy-Light_Clear_SunStick_07__3.jpg?v=1774597090,https://cdn.shopify.com/s/files/1/0513/3775/6828/files/Airy-Light_Clear_SunStick_09__2.webp?v=1774597090,https://cdn.shopify.com/s/files/1/0513/3775/6828/files/Airy-Light_Clear_SunStick_10__2.webp?v=1774597090,https://cdn.shopify.com/s/files/1/0513/3775/6828/files/Airy-Light_Clear_SunStick_11__2.webp?v=1774597090,https://cdn.shopify.com/s/files/1/0513/3775/6828/files/Airy-Light_Clear_SunStick_12__2.webp?v=1774597090,https://cdn.shopify.com/s/files/1/0513/3775/6828/files/Airy-Light_Clear_SunStick_13__2.webp?v=1774597090,https://cdn.shopify.com/s/files/1/0513/3775/6828/files/Airy-Light_Clear_SunStick_15__2.webp?v=1774597090,https://cdn.shopify.com/s/files/1/0513/3775/6828/files/Airy-Light_Clear_SunStick_16__2.webp?v=1774597090,https://cdn.shopify.com/s/files/1/0513/3775/6828/files/Airy-Light_Clear_SunStick_14__3.jpg?v=1774597090,https://cdn.shopify.com/s/files/1/0513/3775/6828/files/Airy-Light_Clear_SunStick_17__2.webp?v=1774597090,https://cdn.shopify.com/s/files/1/0513/3775/6828/files/Airy-Light_Clear_SunStick_18__2.webp?v=1774597090,https://cdn.shopify.com/s/files/1/0513/3775/6828/files/Airy-Light_Clear_SunStick_19__2.webp?v=1774597090,https://cdn.shopify.com/s/files/1/0513/3775/6828/files/Airy-Light_Clear_SunStick_20__2.webp?v=1774597090",,
COSRX Azelaic Acid 10 B5 Redness Soothing Cream,$20.00,"https://cdn.shopify.com/s/files/1/0513/3775/6828/files/AzelaicAcid_10_Cream_00.webp?v=1782456881,https://cdn.shopify.com/s/files/1/0513/3775/6828/files/AzelaicAcid_10_Cream_01.webp?v=1782710254,https://cdn.shopify.com/s/files/1/0513/3775/6828/files/AzelaicAcid_10_Cream_02.webp?v=1782710254,https://cdn.shopify.com/s/files/1/0513/3775/6828/files/AzelaicAcid_10_Cream_03.webp?v=1782710255,https://cdn.shopify.com/s/files/1/0513/3775/6828/files/AzelaicAcid_10_Cream_05.webp?v=1782710255,https://cdn.shopify.com/s/files/1/0513/3775/6828/files/AzelaicAcid_10_Cream_06.webp?v=1782710255,https://cdn.shopify.com/s/files/1/0513/3775/6828/files/AzelaicAcid_10_Cream_07.webp?v=1782710254,https://cdn.shopify.com/s/files/1/0513/3775/6828/files/AzelaicAcid_10_Cream_08.webp?v=1782710254,https://cdn.shopify.com/s/files/1/0513/3775/6828/files/AzelaicAcid_10_Cream_09.webp?v=1782710254,https://cdn.shopify.com/s/files/1/0513/3775/6828/files/AzelaicAcid_10_Cream_10.webp?v=1782710254,https://cdn.shopify.com/s/files/1/0513/3775/6828/files/AzelaicAcid_10_Cream_11.webp?v=1782710255,https://cdn.shopify.com/s/files/1/0513/3775/6828/files/AzelaicAcid_10_Cream_12__-elementor-io-optimized.webp?v=1782718423,https://cdn.shopify.com/s/files/1/0513/3775/6828/files/AzelaicAcid_10_Cream_13.webp?v=1782710342,https://cdn.shopify.com/s/files/1/0513/3775/6828/files/AzelaicAcid_10_Cream_14.webp?v=1782710342,https://cdn.shopify.com/s/files/1/0513/3775/6828/files/AzelaicAcid_10_Cream_15.webp?v=1782710342,https://cdn.shopify.com/s/files/1/0513/3775/6828/files/AzelaicAcid_10_Cream_16.webp?v=1782710342,https://cdn.shopify.com/s/files/1/0513/3775/6828/files/AzelaicAcid_10_Cream_18.webp?v=1782710342,https://cdn.shopify.com/s/files/1/0513/3775/6828/files/AzelaicAcid_10_Cream_19.webp?v=1782710342",Azelaic Acid 10%,30mL / 1.01 fl. oz.
COSRX One Step Green Calming Pad,$22.00,"https://cdn.shopify.com/s/files/1/0513/3775/6828/files/Green_Pad_0.jpg?v=1694078299,https://cdn.shopify.com/s/files/1/0513/3775/6828/files/Green_Pad_1_2.jpg?v=1726731326,https://cdn.shopify.com/s/files/1/0513/3775/6828/files/Green_Pad_2.jpg?v=1725350806,https://cdn.shopify.com/s/files/1/0513/3775/6828/products/Green_Pad_12.jpg?v=1725350806,https://cdn.shopify.com/s/files/1/0513/3775/6828/files/Green_Pad_3.jpg?v=1725350806,https://cdn.shopify.com/s/files/1/0513/3775/6828/files/Green_Pad_4.jpg?v=1725350806,https://cdn.shopify.com/s/files/1/0513/3775/6828/files/Green_Pad_5.jpg?v=1725350806,https://cdn.shopify.com/s/files/1/0513/3775/6828/files/Green_Pad_6.jpg?v=1725350806,https://cdn.shopify.com/s/files/1/0513/3775/6828/files/Green_Pad_8.jpg?v=1725350806,https://cdn.shopify.com/s/files/1/0513/3775/6828/files/Green_Pad_7.jpg?v=1725350806,https://cdn.shopify.com/s/files/1/0513/3775/6828/files/Green_Pad_9.jpg?v=1725350806,https://cdn.shopify.com/s/files/1/0513/3775/6828/files/Green_Pad_10.jpg?v=1725350806",,
COSRX PDRN EXOSOME Skinplaning Glaze Mask,$17.00,"https://cdn.shopify.com/s/files/1/0513/3775/6828/files/12_2c3d39b6-d732-43ac-aaeb-7ba00d005802.jpg?v=1789115233,https://cdn.shopify.com/s/files/1/0513/3775/6828/files/PDRN_Exosome_mask_01__3.webp?v=1770886507,https://cdn.shopify.com/s/files/1/0513/3775/6828/files/PDRN_Exosome_mask_02.webp?v=1770886507,https://cdn.shopify.com/s/files/1/0513/3775/6828/files/PDRN_Exosome_mask_03.webp?v=1770886507,https://cdn.shopify.com/s/files/1/0513/3775/6828/files/PDRN_Exosome_mask_04.webp?v=1770886507,https://cdn.shopify.com/s/files/1/0513/3775/6828/files/PDRN_Exosome_mask_05.webp?v=1770886507,https://cdn.shopify.com/s/files/1/0513/3775/6828/files/PDRN_Exosome_mask_06_629c87ce-4346-4c50-87b8-5e65d9f94516.webp?v=1770886507,https://cdn.shopify.com/s/files/1/0513/3775/6828/files/PDRN_Exosome_mask_07.webp?v=1770886507,https://cdn.shopify.com/s/files/1/0513/3775/6828/files/PDRN_Exosome_mask_08.webp?v=1770886507,https://cdn.shopify.com/s/files/1/0513/3775/6828/files/PDRN_Exosome_mask_09.webp?v=1770886507,https://cdn.shopify.com/s/files/1/0513/3775/6828/files/PDRN_Exosome_mask_10.webp?v=1770886507,https://cdn.shopify.com/s/files/1/0513/3775/6828/files/PDRN_Exosome_mask_11.webp?v=1770886507,https://cdn.shopify.com/s/files/1/0513/3775/6828/files/PDRN_Exosome_mask_12.webp?v=1770886507,https://cdn.shopify.com/s/files/1/0513/3775/6828/files/PDRN_Exosome_mask_13.webp?v=1770886507,https://cdn.shopify.com/s/files/1/0513/3775/6828/files/PDRN_Exosome_mask_14.webp?v=1770886507,https://cdn.shopify.com/s/files/1/0513/3775/6828/files/PDRN_Exosome_mask_15.webp?v=1770886507,https://cdn.shopify.com/s/files/1/0513/3775/6828/files/PDRN_Exosome_mask_16.webp?v=1770886507",,50 mL / 1.69 fl oz
COSRX PEPTIDE-132 Hair Bonding Mini Kit,$36.00,"https://cdn.shopify.com/s/files/1/0513/3775/6828/files/MG_8341_113d90bc-e4ab-4f60-a0ea-9ceb7db683cf.png?v=1773640481,https://cdn.shopify.com/s/files/1/0513/3775/6828/files/Peptide_132_mini_Kit_02.jpg?v=1773640481,https://cdn.shopify.com/s/files/1/0513/3775/6828/files/Peptide_132_mini_Kit_03.jpg?v=1773640481,https://cdn.shopify.com/s/files/1/0513/3775/6828/files/Peptide_132_17.jpg?v=1774589017,https://cdn.shopify.com/s/files/1/0513/3775/6828/files/Peptide_132_04_Treatment_0f552864-ccf5-40fa-817d-e80960126402.webp?v=1774588896,https://cdn.shopify.com/s/files/1/0513/3775/6828/files/Peptide_132_06_08007346-18d7-4ac5-96b2-45b453760ffb.webp?v=1774588896,https://cdn.shopify.com/s/files/1/0513/3775/6828/files/Peptide_132_08_Shampoo.webp?v=1774588896,https://cdn.shopify.com/s/files/1/0513/3775/6828/files/Peptide_132_07_Treatment.webp?v=1774588896,https://cdn.shopify.com/s/files/1/0513/3775/6828/files/Peptide_132_07_OilSerum_783febd4-652b-48e3-af0e-e6b494754147.webp?v=1774588896,https://cdn.shopify.com/s/files/1/0513/3775/6828/files/Peptide_132_18_89222389-552a-4317-b96c-4f98fe172982.webp?v=1774588957",,
COSRX PEPTIDE-132 Ultra Perfect Hair Bonding Oil Serum,$69.00,"https://cdn.shopify.com/s/files/1/0513/3775/6828/files/Peptide_132_00_OilSerum.webp?v=1750221847,https://cdn.shopify.com/s/files/1/0513/3775/6828/files/Peptide_132_04_OilSerum.webp?v=1750844824,https://cdn.shopify.com/s/files/1/0513/3775/6828/files/Peptide_132_06_7457d606-fad1-4d14-8493-1c3106e24248.webp?v=1750844824,https://cdn.shopify.com/s/files/1/0513/3775/6828/files/Peptide_132_08_OilSerum.webp?v=1750844824,https://cdn.shopify.com/s/files/1/0513/3775/6828/files/Peptide_132_09_OilSerum.webp?v=1750844824,https://cdn.shopify.com/s/files/1/0513/3775/6828/files/Peptide_132_15_OilSerum_a579010a-e9a3-41d8-b87f-a32c03cfa552.webp?v=1750844824,https://cdn.shopify.com/s/files/1/0513/3775/6828/files/Peptide_132_16_OilSerum.webp?v=1750844824,https://cdn.shopify.com/s/files/1/0513/3775/6828/files/Peptide_132_17_OilSerum.webp?v=1750844824,https://cdn.shopify.com/s/files/1/0513/3775/6828/files/Peptide_132_07.jpg?v=1752205437,https://cdn.shopify.com/s/files/1/0513/3775/6828/files/Peptide_132_19.webp?v=1774589017",,28 mL / 0.94 fl. oz.
COSRX PEPTIDE-132 Ultra Perfect Hair Bonding Shampoo,$111.00,"https://cdn.shopify.com/s/files/1/0513/3775/6828/files/Peptide_132_00_Shampoo.webp?v=1773219196,https://cdn.shopify.com/s/files/1/0513/3775/6828/files/Peptide_132_mini_Kit_09.webp?v=1773221391,https://cdn.shopify.com/s/files/1/0513/3775/6828/files/Peptide_132_04_Shampoo_21a60ba4-e63c-48ea-b38c-e6e431e79e12.webp?v=1773221391,https://cdn.shopify.com/s/files/1/0513/3775/6828/files/Peptide_132_06_08007346-18d7-4ac5-96b2-45b453760ffb.webp?v=1774588896,https://cdn.shopify.com/s/files/1/0513/3775/6828/files/Peptide_132_08_Shampoo.webp?v=1774588896,https://cdn.shopify.com/s/files/1/0513/3775/6828/files/Peptide_132_13_Shampoo_b7c4f61d-c1ed-4586-9383-53a4b21e1aab.webp?v=1773221391,https://cdn.shopify.com/s/files/1/0513/3775/6828/files/Peptide_132_14_Shampoo_58af6794-f376-4cb9-9d61-b7ea88ec08a2.webp?v=1773221391,https://cdn.shopify.com/s/files/1/0513/3775/6828/files/Peptide_132_15_Shampoo_97b441cd-d034-487c-ad7e-10cdf0054ff7.webp?v=1773221391,https://cdn.shopify.com/s/files/1/0513/3775/6828/files/Peptide_132_16_Shampoo_658fd783-e083-4428-8ac0-9bf2bb4e16eb.webp?v=1773221391,https://cdn.shopify.com/s/files/1/0513/3775/6828/files/Peptide_132_17.jpg?v=1774589017,https://cdn.shopify.com/s/files/1/0513/3775/6828/files/Peptide_132_18_1c02f14d-c751-4788-bc90-af4002f2fcc8.webp?v=1774588991,https://cdn.shopify.com/s/files/1/0513/3775/6828/files/Peptide_132_Shampoo_03_400ml_7771cfaa-f0cf-4251-8469-24ee6deb69e8.jpg?v=1774588991,https://cdn.shopify.com/s/files/1/0513/3775/6828/files/Peptide_132_Shampoo_02_200ml_e4de4bd5-bd4a-40b7-a2fc-a652396ab304.jpg?v=1774588991,https://cdn.shopify.com/s/files/1/0513/3775/6828/files/Peptide_132_Shampoo_01_100ml_5ad47732-fbfa-42e0-9670-b33bae200e2d.jpg?v=1774588991",,"400mL,200mL,100mL"
COSRX PEPTIDE-132 Ultra Perfect Hair Bonding Treatment,$111.00,"https://cdn.shopify.com/s/files/1/0513/3775/6828/files/Peptide_132_00_Treatment.webp?v=1773219354,https://cdn.shopify.com/s/files/1/0513/3775/6828/files/Peptide_132_mini_Kit_04_9fcf15b2-e711-4459-ac5a-c56112b97d9a.jpg?v=1773221461,https://cdn.shopify.com/s/files/1/0513/3775/6828/files/Peptide_132_04_Treatment_0f552864-ccf5-40fa-817d-e80960126402.webp?v=1774588896,https://cdn.shopify.com/s/files/1/0513/3775/6828/files/Peptide_132_06_08007346-18d7-4ac5-96b2-45b453760ffb.webp?v=1774588896,https://cdn.shopify.com/s/files/1/0513/3775/6828/files/Peptide_132_07_Treatment.webp?v=1774588896,https://cdn.shopify.com/s/files/1/0513/3775/6828/files/Peptide_132_11_Treatment.webp?v=1773221461,https://cdn.shopify.com/s/files/1/0513/3775/6828/files/Peptide_132_14_Treatment_4ee0ae83-df17-4fcc-8b37-cd8c83b64f0f.webp?v=1773221461,https://cdn.shopify.com/s/files/1/0513/3775/6828/files/Peptide_132_15_Treatment_5fb3b4ba-4207-4a84-883b-00cd41967bf3.webp?v=1773221461,https://cdn.shopify.com/s/files/1/0513/3775/6828/files/Peptide_132_16_Treatment.webp?v=1773221461,https://cdn.shopify.com/s/files/1/0513/3775/6828/files/Peptide_132_mini_Kit_07.jpg?v=1773221461,https://cdn.shopify.com/s/files/1/0513/3775/6828/files/Peptide_132_17.jpg?v=1774589017,https://cdn.shopify.com/s/files/1/0513/3775/6828/files/Peptide_132_18_89222389-552a-4317-b96c-4f98fe172982.webp?v=1774588957,https://cdn.shopify.com/s/files/1/0513/3775/6828/files/Peptide_132_Treatment_03_240ml_2a7ab6bc-a56d-49b1-bc67-77fb5bec8de5.jpg?v=1774588957,https://cdn.shopify.com/s/files/1/0513/3775/6828/files/Peptide_132_Treatment_02_120ml_67ffa861-f16d-441a-bb4f-890861898087.jpg?v=1774588957,https://cdn.shopify.com/s/files/1/0513/3775/6828/files/Peptide_132_Treatment_01_60ml_5307dc32-bcf0-43f6-b7c2-0d601c1d9dfc.jpg?v=1774588957,https://cdn.shopify.com/s/files/1/0513/3775/6828/files/Peptide_132_Treatment_02_120ml_74dd6f06-574f-4931-99e6-b5541f3521af.jpg?v=1774588957",,"240mL,120mL,60mL"
COSRX RED RICE INOSITOL Exfoliating Care Pore Wash-Off Peel Serum,$22.00,"https://cdn.shopify.com/s/files/1/0513/3775/6828/files/Thumb_RedRice_Inositol_Serum_800x1067_1cb5f547-d3ec-4d5b-bbd8-4d4c7700dd16.webp?v=1775037226,https://cdn.shopify.com/s/files/1/0513/3775/6828/files/RedRice_Inositol_Serum_05.webp?v=1776304808,https://cdn.shopify.com/s/files/1/0513/3775/6828/files/RedRice_Inositol_Serum_06.webp?v=1776304808,https://cdn.shopify.com/s/files/1/0513/3775/6828/files/RedRice_Inositol_Serum_07_1.webp?v=1778061000,https://cdn.shopify.com/s/files/1/0513/3775/6828/files/RedRice_Inositol_Serum_08.webp?v=1776304808,https://cdn.shopify.com/s/files/1/0513/3775/6828/files/RedRice_Inositol_Serum_09.webp?v=1776304808,https://cdn.shopify.com/s/files/1/0513/3775/6828/files/RedRice_Inositol_Serum_10.webp?v=1776304808,https://cdn.shopify.com/s/files/1/0513/3775/6828/files/RedRice_Inositol_Serum_11_1.webp?v=1777005964,https://cdn.shopify.com/s/files/1/0513/3775/6828/files/RedRice_Inositol_Serum_14.webp?v=1776304808,https://cdn.shopify.com/s/files/1/0513/3775/6828/files/RedRice_Inositol_Serum_18.webp?v=1776304808",,80mL / 2.71 fl. oz.
COSRX RED RICE INOSITOL Pore Clarifying Deep Cleanser,$20.00,"https://cdn.shopify.com/s/files/1/0513/3775/6828/files/Thumb_RedRice_Inositol_DeepCleanser_800x1067_1.webp?v=1775037121,https://cdn.shopify.com/s/files/1/0513/3775/6828/files/RedRice_Inositol_Creanser_02.webp?v=1776305302,https://cdn.shopify.com/s/files/1/0513/3775/6828/files/RedRice_Inositol_Creanser_03.webp?v=1776305302,https://cdn.shopify.com/s/files/1/0513/3775/6828/files/RedRice_Inositol_Creanser_04.webp?v=1776305302,https://cdn.shopify.com/s/files/1/0513/3775/6828/files/RedRice_Inositol_Creanser_06_1.webp?v=1779441106,https://cdn.shopify.com/s/files/1/0513/3775/6828/files/RedRice_Inositol_Creanser_07.webp?v=1776305302,https://cdn.shopify.com/s/files/1/0513/3775/6828/files/RedRice_Inositol_Creanser_08.webp?v=1776305302,https://cdn.shopify.com/s/files/1/0513/3775/6828/files/RedRice_Inositol_Creanser_09_2.webp?v=1776305302,https://cdn.shopify.com/s/files/1/0513/3775/6828/files/RedRice_Inositol_Creanser_10.webp?v=1776305302,https://cdn.shopify.com/s/files/1/0513/3775/6828/files/RedRice_Inositol_Creanser_11.webp?v=1776305302,https://cdn.shopify.com/s/files/1/0513/3775/6828/files/RedRice_Inositol_Creanser_13.webp?v=1776305302,https://cdn.shopify.com/s/files/1/0513/3775/6828/files/RedRice_Inositol_Creanser_14.webp?v=1776305302,https://cdn.shopify.com/s/files/1/0513/3775/6828/files/RedRice_Inositol_Creanser_15.webp?v=1776305302,https://cdn.shopify.com/s/files/1/0513/3775/6828/files/RedRice_Inositol_Creanser_16.webp?v=1776305302,https://cdn.shopify.com/s/files/1/0513/3775/6828/files/RedRice_Inositol_Creanser_17.webp?v=1776305302",,150mL / 5.07 fl. oz.
COSRX Skin Barrier Moisturizing Body Cream,$25.00,"https://cdn.shopify.com/s/files/1/0513/3775/6828/files/Skinbarrier_Cream_00_9ea9d922-f996-448a-b5b0-372c79f1043c.webp?v=1755070414,https://cdn.shopify.com/s/files/1/0513/3775/6828/files/Skinbarrier_Cream_02__3.webp?v=1755070414,https://cdn.shopify.com/s/files/1/0513/3775/6828/files/Skinbarrier_Cream_04.webp?v=1755070414,https://cdn.shopify.com/s/files/1/0513/3775/6828/files/Skinbarrier_Cream_05__2_1.webp?v=1755677703,https://cdn.shopify.com/s/files/1/0513/3775/6828/files/Skinbarrier_Cream_07__3.webp?v=1755677703,https://cdn.shopify.com/s/files/1/0513/3775/6828/files/Skinbarrier_Cream_08__2.webp?v=1755677703,https://cdn.shopify.com/s/files/1/0513/3775/6828/files/Skinbarrier_Cream_09.webp?v=1755677703,https://cdn.shopify.com/s/files/1/0513/3775/6828/files/Skinbarrier_Cream_12.webp?v=1755677703,https://cdn.shopify.com/s/files/1/0513/3775/6828/files/Skinbarrier_Cream_13__2.webp?v=1755677703,https://cdn.shopify.com/s/files/1/0513/3775/6828/files/Skinbarrier_Cream_14.webp?v=1755677703,https://cdn.shopify.com/s/files/1/0513/3775/6828/files/Skinbarrier_Cream_16__A2.webp?v=1755677703,https://cdn.shopify.com/s/files/1/0513/3775/6828/files/Skinbarrier_Cream_17__3.webp?v=1755677703",,450 ml / 15.2 fl. oz.
COSRX The Alpha-Arbutin Discoloration Care Hydrogel Mask,$15.00,"https://cdn.shopify.com/s/files/1/0513/3775/6828/files/Alpha-Arbutin_Hydroge_Mask_00.webp?v=1749692231,https://cdn.shopify.com/s/files/1/0513/3775/6828/files/Alpha-Arbutin_Hydrogel_Mask_02.webp?v=1746779815,https://cdn.shopify.com/s/files/1/0513/3775/6828/files/Alpha-Arbutin_Hydrogel_Mask_03.webp?v=1747299320,https://cdn.shopify.com/s/files/1/0513/3775/6828/files/Alpha-Arbutin_Hydrogel_Mask_05.webp?v=1747299320,https://cdn.shopify.com/s/files/1/0513/3775/6828/files/Alpha-Arbutin_Hydrogel_Mask_06.webp?v=1747299320,https://cdn.shopify.com/s/files/1/0513/3775/6828/files/Alpha-Arbutin_Hydrogel_Mask_07.jpg?v=1747299320,https://cdn.shopify.com/s/files/1/0513/3775/6828/files/Alpha-Arbutin_Hydrogel_Mask_08_0cf2917c-8cbf-419c-abe0-5b211abc30f3.jpg?v=1747616658,https://cdn.shopify.com/s/files/1/0513/3775/6828/files/Alpha-Arbutin_Hydrogel_Mask_09.webp?v=1747616658,https://cdn.shopify.com/s/files/1/0513/3775/6828/files/Alpha-Arbutin_Hydrogel_Mask_10.jpg?v=1747616658,https://cdn.shopify.com/s/files/1/0513/3775/6828/files/Alpha-Arbutin_Hydrogel_Mask_11.webp?v=1747616658,https://cdn.shopify.com/s/files/1/0513/3775/6828/files/Alpha-Arbutin_Hydrogel_Mask_12.webp?v=1747616658,https://cdn.shopify.com/s/files/1/0513/3775/6828/files/Alpha-Arbutin_Hydrogel_Mask_13.webp?v=1747616658,https://cdn.shopify.com/s/files/1/0513/3775/6828/files/Alpha-Arbutin_Hydrogel_Mask_15.webp?v=1747616658,https://cdn.shopify.com/s/files/1/0513/3775/6828/files/Alpha-Arbutin_Hydrogel_Mask_16.jpg?v=1747616658,https://cdn.shopify.com/s/files/1/0513/3775/6828/files/Alpha-Arbutin_Hydrogel_Mask_17.webp?v=1747616658,https://cdn.shopify.com/s/files/1/0513/3775/6828/files/Alpha-Arbutin_Hydrogel_Mask_18.webp?v=1747616658,https://cdn.shopify.com/s/files/1/0513/3775/6828/files/Alpha-Arbutin_Hydrogel_Mask_19.webp?v=1747616658",,
COSRX The Blue Peptide Bakuchiol Plump Bounce Cream,$28.00,"https://cdn.shopify.com/s/files/1/0513/3775/6828/files/BluePeptide_Cream_00.webp?v=1779876169,https://cdn.shopify.com/s/files/1/0513/3775/6828/files/BluePeptide_Cream_01__1.webp?v=1779876169,https://cdn.shopify.com/s/files/1/0513/3775/6828/files/BluePeptide__-_1_4a29784c-2bb4-4edb-bae8-8ae8587d4320.jpg?v=1780658817,https://cdn.shopify.com/s/files/1/0513/3775/6828/files/BluePeptide_Cream_02_1.webp?v=1779876169,https://cdn.shopify.com/s/files/1/0513/3775/6828/files/BluePeptide_Cream_03_1.webp?v=1779876169,https://cdn.shopify.com/s/files/1/0513/3775/6828/files/BluePeptide_Cream_05_1.webp?v=1779876169,https://cdn.shopify.com/s/files/1/0513/3775/6828/files/BluePeptide_Cream_06__1.webp?v=1779876169,https://cdn.shopify.com/s/files/1/0513/3775/6828/files/BluePeptide_Cream_07__1.webp?v=1779876169,https://cdn.shopify.com/s/files/1/0513/3775/6828/files/BluePeptide_Cream_08_2.webp?v=1779876702,https://cdn.shopify.com/s/files/1/0513/3775/6828/files/BluePeptide_Cream_09_1.webp?v=1779876169,https://cdn.shopify.com/s/files/1/0513/3775/6828/files/BluePeptide_Cream_10_c28a7c66-d165-4548-85f4-39395dd08677.webp?v=1779876216,https://cdn.shopify.com/s/files/1/0513/3775/6828/files/BluePeptide_Cream_12__1.webp?v=1779876511,https://cdn.shopify.com/s/files/1/0513/3775/6828/files/BluePeptide_Cream_13.webp?v=1779876800,https://cdn.shopify.com/s/files/1/0513/3775/6828/files/BluePeptide_Cream_16__1.webp?v=1779876654,https://cdn.shopify.com/s/files/1/0513/3775/6828/files/BluePeptide_Cream_17.webp?v=1779876217,https://cdn.shopify.com/s/files/1/0513/3775/6828/files/BluePeptide_Cream_18.webp?v=1779876616,https://cdn.shopify.com/s/files/1/0513/3775/6828/files/BluePeptide_Cream_19.webp?v=1779876578,https://cdn.shopify.com/s/files/1/0513/3775/6828/files/BluePeptide_Cream_22_1.webp?v=1779876216","Copper Peptide 0.5% (5,000ppm) + Bakuchiol 0.05% (500ppm)",50mL / 1.69 fl. oz.
COSRX The Blue Peptide Bakuchiol Plump Glow Serum,$27.00,"https://cdn.shopify.com/s/files/1/0513/3775/6828/files/BluePeptide_Serum_00.jpg?v=1777444989,https://cdn.shopify.com/s/files/1/0513/3775/6828/files/BluePeptide_Serum_01_e12a9b68-8aca-4628-ba86-9b46beef3f49.jpg?v=1781770967,https://cdn.shopify.com/s/files/1/0513/3775/6828/files/BluePeptide__-_1_a80f0d8b-adf4-41db-b8cc-3d285079be19.jpg?v=1780659432,https://cdn.shopify.com/s/files/1/0513/3775/6828/files/BluePeptide_Serum_02__3.webp?v=1777521461,https://cdn.shopify.com/s/files/1/0513/3775/6828/files/BluePeptide_Serum_03.webp?v=1777521461,https://cdn.shopify.com/s/files/1/0513/3775/6828/files/BluePeptide_Serum_05.webp?v=1777521461,https://cdn.shopify.com/s/files/1/0513/3775/6828/files/BluePeptide_Serum_06_881b3d87-cdda-4aa9-bc5d-083fc7a29938.webp?v=1779356242,https://cdn.shopify.com/s/files/1/0513/3775/6828/files/BluePeptide_Serum_07_f40b94b8-8231-4c1a-93ac-962e1ccb5a46.webp?v=1779356251,https://cdn.shopify.com/s/files/1/0513/3775/6828/files/BluePeptide_Serum_08.webp?v=1777521460,https://cdn.shopify.com/s/files/1/0513/3775/6828/files/BluePeptide_Serum_10.webp?v=1779356257,https://cdn.shopify.com/s/files/1/0513/3775/6828/files/BluePeptide_Serum_11__3.webp?v=1777521460,https://cdn.shopify.com/s/files/1/0513/3775/6828/files/BluePeptide_Serum_14.webp?v=1777522179,https://cdn.shopify.com/s/files/1/0513/3775/6828/files/BluePeptide_Serum_15__2.webp?v=1777522179,https://cdn.shopify.com/s/files/1/0513/3775/6828/files/BluePeptide_Serum_17_5a79319f-0b1b-44bc-800e-733f54acbee9.webp?v=1779356260","Copper Peptide 0.5% (5,000ppm) + Bakuchiol 0.25% (2,500ppm)",50mL / 1.69 fl. oz.
COSRX The Peptide Collagen Lifting Glow Hydrogel Mask,$15.00,"https://cdn.shopify.com/s/files/1/0513/3775/6828/files/Peptide_Hydrogel_Mask_00.webp?v=1749777658,https://cdn.shopify.com/s/files/1/0513/3775/6828/files/Peptide_Hydrogel_Mask_02_160c1dea-715a-4437-82c1-9dcfe8a265f6.webp?v=1780289432,https://cdn.shopify.com/s/files/1/0513/3775/6828/files/Peptide_Hydrogel_Mask_03.webp?v=1746780112,https://cdn.shopify.com/s/files/1/0513/3775/6828/files/Peptide_Hydrogel_Mask_05_9bb486f6-9873-46b9-b16f-7c88eb905a85.webp?v=1780289431,https://cdn.shopify.com/s/files/1/0513/3775/6828/files/Peptide_Hydrogel_Mask_07_5cf05402-4b13-4598-a45f-7f2f21fec5b4.webp?v=1780289431,https://cdn.shopify.com/s/files/1/0513/3775/6828/files/Peptide_Hydrogel_Mask_08.webp?v=1746780161,https://cdn.shopify.com/s/files/1/0513/3775/6828/files/Peptide_Hydrogel_Mask_09_1b39fae7-6cb4-4fdb-8556-592100de417a.webp?v=1780289431,https://cdn.shopify.com/s/files/1/0513/3775/6828/files/Peptide_Hydrogel_Mask_10.webp?v=1746780161,https://cdn.shopify.com/s/files/1/0513/3775/6828/files/Peptide_Hydrogel_Mask_11.webp?v=1746780161,https://cdn.shopify.com/s/files/1/0513/3775/6828/files/Peptide_Hydrogel_Mask_12.webp?v=1746780161,https://cdn.shopify.com/s/files/1/0513/3775/6828/files/Peptide_Hydrogel_Mask_13.webp?v=1746780161,https://cdn.shopify.com/s/files/1/0513/3775/6828/files/Peptide_Hydrogel_Mask_14.webp?v=1746780161,https://cdn.shopify.com/s/files/1/0513/3775/6828/files/Peptide_Hydrogel_Mask_15__2.webp?v=1780289431,https://cdn.shopify.com/s/files/1/0513/3775/6828/files/Peptide_Hydrogel_Mask_16_21473bae-573f-475d-bdde-11b04906bd9d.webp?v=1780289432,https://cdn.shopify.com/s/files/1/0513/3775/6828/files/Peptide_Hydrogel_Mask_17.webp?v=1746780161,https://cdn.shopify.com/s/files/1/0513/3775/6828/files/5PDRN_Hydrogel_Mask_21.webp?v=1775194995,https://cdn.shopify.com/s/files/1/0513/3775/6828/files/Peptide_Hydrogel_Mask_19.webp?v=1746780161,https://cdn.shopify.com/s/files/1/0513/3775/6828/files/Peptide_Hydrogel_Mask_20_f85c2e12-15f9-423f-818b-f47490d7bd22.webp?v=1780289431,https://cdn.shopify.com/s/files/1/0513/3775/6828/files/250407_HydrogelMask4441_R1.webp?v=1754898195",,
Deep Wrinkle Care Trio,$82.00,"https://cdn.shopify.com/s/files/1/0513/3775/6828/files/5_Wrinkle_Care.jpg?v=1716971747,https://cdn.shopify.com/s/files/1/0513/3775/6828/files/BFCM5_800x1067_01fc5948-8a8d-46aa-b340-942717d6636e.jpg?v=1724837182",,
Double Peptide Firming Duo,$52.00,https://cdn.shopify.com/s/files/1/0513/3775/6828/files/BluePeptideSerum_peptideSerum.jpg?v=1782717064,,
Full Fit Propolis Honey Overnight Mask,$18.00,"https://cdn.shopify.com/s/files/1/0513/3775/6828/files/full-fit-propolis-honey-overnight-mask-cosrx-official-1.jpg?v=1724835974,https://cdn.shopify.com/s/files/1/0513/3775/6828/files/full-fit-propolis-honey-overnight-mask-cosrx-official-2.jpg?v=1724835976,https://cdn.shopify.com/s/files/1/0513/3775/6828/files/full-fit-propolis-honey-overnight-mask-cosrx-official-3.jpg?v=1724835978,https://cdn.shopify.com/s/files/1/0513/3775/6828/files/full-fit-propolis-honey-overnight-mask-cosrx-official-4.jpg?v=1724835980,https://cdn.shopify.com/s/files/1/0513/3775/6828/files/full-fit-propolis-honey-overnight-mask-cosrx-official-5.jpg?v=1724835983,https://cdn.shopify.com/s/files/1/0513/3775/6828/files/full-fit-propolis-honey-overnight-mask-cosrx-official-6.jpg?v=1724835985,https://cdn.shopify.com/s/files/1/0513/3775/6828/files/full-fit-propolis-honey-overnight-mask-cosrx-official-7.jpg?v=1724835987,https://cdn.shopify.com/s/files/1/0513/3775/6828/files/full-fit-propolis-honey-overnight-mask-cosrx-official-8.jpg?v=1724835989,https://cdn.shopify.com/s/files/1/0513/3775/6828/files/full-fit-propolis-honey-overnight-mask-cosrx-official-9.jpg?v=1724835991,https://cdn.shopify.com/s/files/1/0513/3775/6828/files/full-fit-propolis-honey-overnight-mask-cosrx-official-10.jpg?v=1724835992,https://cdn.shopify.com/s/files/1/0513/3775/6828/files/full-fit-propolis-honey-overnight-mask-cosrx-official-11.jpg?v=1724835995,https://cdn.shopify.com/s/files/1/0513/3775/6828/files/full-fit-propolis-honey-overnight-mask-cosrx-official-12.jpg?v=1724835998,https://cdn.shopify.com/s/files/1/0513/3775/6828/files/full-fit-propolis-honey-overnight-mask-cosrx-official-13.jpg?v=1724836000,https://cdn.shopify.com/s/files/1/0513/3775/6828/files/full-fit-propolis-honey-overnight-mask-cosrx-official-14.jpg?v=1724836002,https://cdn.shopify.com/s/files/1/0513/3775/6828/files/full-fit-propolis-honey-overnight-mask-cosrx-official-15.jpg?v=1724836005,https://cdn.shopify.com/s/files/1/0513/3775/6828/files/full-fit-propolis-honey-overnight-mask-cosrx-official-16.jpg?v=1724836007,https://cdn.shopify.com/s/files/1/0513/3775/6828/files/full-fit-propolis-honey-overnight-mask-cosrx-official-17.jpg?v=1724836009",,2.03 fl.oz / 60ml
Full fit Propolis Light Ampoule,$28.00,"https://cdn.shopify.com/s/files/1/0513/3775/6828/files/full-fit-propolis-light-ampoule-cosrx-official-1.jpg?v=1724835475,https://cdn.shopify.com/s/files/1/0513/3775/6828/files/full-fit-propolis-light-ampoule-cosrx-official-2.jpg?v=1724835478,https://cdn.shopify.com/s/files/1/0513/3775/6828/files/full-fit-propolis-light-ampoule-cosrx-official-3.jpg?v=1724835480,https://cdn.shopify.com/s/files/1/0513/3775/6828/files/full-fit-propolis-light-ampoule-cosrx-official-4.jpg?v=1724835483,https://cdn.shopify.com/s/files/1/0513/3775/6828/files/full-fit-propolis-light-ampoule-cosrx-official-5.jpg?v=1724835485,https://cdn.shopify.com/s/files/1/0513/3775/6828/files/full-fit-propolis-light-ampoule-cosrx-official-6.jpg?v=1724835487,https://cdn.shopify.com/s/files/1/0513/3775/6828/files/full-fit-propolis-light-ampoule-cosrx-official-7.jpg?v=1724835489,https://cdn.shopify.com/s/files/1/0513/3775/6828/files/full-fit-propolis-light-ampoule-cosrx-official-8.jpg?v=1724835491,https://cdn.shopify.com/s/files/1/0513/3775/6828/files/full-fit-propolis-light-ampoule-cosrx-official-9.jpg?v=1724835493,https://cdn.shopify.com/s/files/1/0513/3775/6828/files/full-fit-propolis-light-ampoule-cosrx-official-10.jpg?v=1724835496,https://cdn.shopify.com/s/files/1/0513/3775/6828/files/full-fit-propolis-light-ampoule-cosrx-official-11.jpg?v=1724835498,https://cdn.shopify.com/s/files/1/0513/3775/6828/files/full-fit-propolis-light-ampoule-cosrx-official-12.jpg?v=1724835500",,1.01 fl.oz/30ml
Full Fit Propolis Light Cream,$32.00,"https://cdn.shopify.com/s/files/1/0513/3775/6828/files/FullfitCream_2type_800x1067_245c55aa-861b-4c7d-b3b9-98bf84de4415.jpg?v=1745370401,https://cdn.shopify.com/s/files/1/0513/3775/6828/files/full-fit-propolis-light-cream-cosrx-official-2.jpg?v=1745370401,https://cdn.shopify.com/s/files/1/0513/3775/6828/files/full-fit-propolis-light-cream-cosrx-official-3.jpg?v=1745370401,https://cdn.shopify.com/s/files/1/0513/3775/6828/files/full-fit-propolis-light-cream-cosrx-official-4.jpg?v=1745370401,https://cdn.shopify.com/s/files/1/0513/3775/6828/files/full-fit-propolis-light-cream-cosrx-official-5.jpg?v=1745370401,https://cdn.shopify.com/s/files/1/0513/3775/6828/files/full-fit-propolis-light-cream-cosrx-official-6.jpg?v=1745370401,https://cdn.shopify.com/s/files/1/0513/3775/6828/files/full-fit-propolis-light-cream-cosrx-official-7.jpg?v=1745370401,https://cdn.shopify.com/s/files/1/0513/3775/6828/files/full-fit-propolis-light-cream-cosrx-official-8.jpg?v=1745370401,https://cdn.shopify.com/s/files/1/0513/3775/6828/files/full-fit-propolis-light-cream-cosrx-official-9.jpg?v=1745370401,https://cdn.shopify.com/s/files/1/0513/3775/6828/files/full-fit-propolis-light-cream-cosrx-official-10.jpg?v=1745370401,https://cdn.shopify.com/s/files/1/0513/3775/6828/files/full-fit-propolis-light-cream-cosrx-official-1.jpg?v=1745370401,https://cdn.shopify.com/s/files/1/0513/3775/6828/files/FullfitCream_Tube_800x1067_3fabfe0b-ee27-4afa-ba89-73b1cb05c6dc.jpg?v=1745370401",,65ml / 2.19 fl.oz
Full Fit Propolis Nourishing Magnet Sheet Mask,$6.00,"https://cdn.shopify.com/s/files/1/0513/3775/6828/files/full-fit-propolis-nourishing-magnet-sheet-mask-cosrx-official-1.jpg?v=1724836038,https://cdn.shopify.com/s/files/1/0513/3775/6828/files/full-fit-propolis-nourishing-magnet-sheet-mask-cosrx-official-2.jpg?v=1724836040,https://cdn.shopify.com/s/files/1/0513/3775/6828/files/full-fit-propolis-nourishing-magnet-sheet-mask-cosrx-official-3.jpg?v=1724836042,https://cdn.shopify.com/s/files/1/0513/3775/6828/files/full-fit-propolis-nourishing-magnet-sheet-mask-cosrx-official-4.jpg?v=1724836044,https://cdn.shopify.com/s/files/1/0513/3775/6828/files/full-fit-propolis-nourishing-magnet-sheet-mask-cosrx-official-5.jpg?v=1724836047,https://cdn.shopify.com/s/files/1/0513/3775/6828/files/full-fit-propolis-nourishing-magnet-sheet-mask-cosrx-official-6.jpg?v=1724836049,https://cdn.shopify.com/s/files/1/0513/3775/6828/files/full-fit-propolis-nourishing-magnet-sheet-mask-cosrx-official-7.jpg?v=1724836051,https://cdn.shopify.com/s/files/1/0513/3775/6828/files/full-fit-propolis-nourishing-magnet-sheet-mask-cosrx-official-8.jpg?v=1724836053,https://cdn.shopify.com/s/files/1/0513/3775/6828/files/full-fit-propolis-nourishing-magnet-sheet-mask-cosrx-official-9.jpg?v=1724836056",,1 ea
Full Fit Propolis Synergy Toner,$29.00,"https://cdn.shopify.com/s/files/1/0513/3775/6828/files/full-fit-propolis-synergy-toner-cosrx-official-1.jpg?v=1724835425,https://cdn.shopify.com/s/files/1/0513/3775/6828/files/full-fit-propolis-synergy-toner-cosrx-official-2.jpg?v=1724835428,https://cdn.shopify.com/s/files/1/0513/3775/6828/files/full-fit-propolis-synergy-toner-cosrx-official-3.jpg?v=1724835430,https://cdn.shopify.com/s/files/1/0513/3775/6828/files/full-fit-propolis-synergy-toner-cosrx-official-4.jpg?v=1724835431,https://cdn.shopify.com/s/files/1/0513/3775/6828/files/full-fit-propolis-synergy-toner-cosrx-official-5.jpg?v=1724835434,https://cdn.shopify.com/s/files/1/0513/3775/6828/files/full-fit-propolis-synergy-toner-cosrx-official-6.jpg?v=1724835436,https://cdn.shopify.com/s/files/1/0513/3775/6828/files/full-fit-propolis-synergy-toner-cosrx-official-7.jpg?v=1724835438,https://cdn.shopify.com/s/files/1/0513/3775/6828/files/full-fit-propolis-synergy-toner-cosrx-official-8.jpg?v=1724835440,https://cdn.shopify.com/s/files/1/0513/3775/6828/files/full-fit-propolis-synergy-toner-cosrx-official-10.jpg?v=1724835445,https://cdn.shopify.com/s/files/1/0513/3775/6828/files/full-fit-propolis-synergy-toner-cosrx-official-11.jpg?v=1724835447,https://cdn.shopify.com/s/files/1/0513/3775/6828/files/full-fit-propolis-synergy-toner-cosrx-official-14.jpg?v=1724835453",,"9.46 fl.oz / 280ml,5.07 fl.oz / 150mL"
Galactomyces 95 Tone Balancing Essence,$24.00,"https://cdn.shopify.com/s/files/1/0513/3775/6828/files/galactomyces-95-tone-balancing-essence-cosrx-official-1.jpg?v=1724835413,https://cdn.shopify.com/s/files/1/0513/3775/6828/files/galactomyces-95-tone-balancing-essence-cosrx-official-2.png?v=1724835416,https://cdn.shopify.com/s/files/1/0513/3775/6828/files/galactomyces-95-tone-balancing-essence-cosrx-official-3.png?v=1724835418,https://cdn.shopify.com/s/files/1/0513/3775/6828/files/galactomyces-95-tone-balancing-essence-cosrx-official-4.png?v=1724835421,https://cdn.shopify.com/s/files/1/0513/3775/6828/files/galactomyces-95-tone-balancing-essence-cosrx-official-5.png?v=1724835423",,3.38 fl.oz / 100mL
Hyaluronic Acid Hydra Power Essence,$25.00,"https://cdn.shopify.com/s/files/1/0513/3775/6828/files/hyaluronic-acid-hydra-power-essence-cosrx-official-1.jpg?v=1724835383,https://cdn.shopify.com/s/files/1/0513/3775/6828/files/hyaluronic-acid-hydra-power-essence-cosrx-official-2.jpg?v=1724835385,https://cdn.shopify.com/s/files/1/0513/3775/6828/files/hyaluronic-acid-hydra-power-essence-cosrx-official-3.jpg?v=1724835388,https://cdn.shopify.com/s/files/1/0513/3775/6828/files/hyaluronic-acid-hydra-power-essence-cosrx-official-4.jpg?v=1724835390,https://cdn.shopify.com/s/files/1/0513/3775/6828/files/hyaluronic-acid-hydra-power-essence-cosrx-official-5.jpg?v=1724835392,https://cdn.shopify.com/s/files/1/0513/3775/6828/files/800x1067____231120_9c18dd40-19ac-413d-a55f-d90299ee61fc.webp?v=1704429290",,3.38 fl.oz / 100mL
Hyaluronic Acid Intensive Cream,$25.00,"https://cdn.shopify.com/s/files/1/0513/3775/6828/files/hyaluronic-acid-intensive-cream-cosrx-official-1.jpg?v=1724835365,https://cdn.shopify.com/s/files/1/0513/3775/6828/files/hyaluronic-acid-intensive-cream-cosrx-official-2.jpg?v=1724835367,https://cdn.shopify.com/s/files/1/0513/3775/6828/files/hyaluronic-acid-intensive-cream-cosrx-official-3.jpg?v=1724835370,https://cdn.shopify.com/s/files/1/0513/3775/6828/files/hyaluronic-acid-intensive-cream-cosrx-official-4.jpg?v=1724835372,https://cdn.shopify.com/s/files/1/0513/3775/6828/files/hyaluronic-acid-intensive-cream-cosrx-official-5.jpg?v=1724835375,https://cdn.shopify.com/s/files/1/0513/3775/6828/files/hyaluronic-acid-intensive-cream-cosrx-official-6.jpg?v=1724835377,https://cdn.shopify.com/s/files/1/0513/3775/6828/files/hyaluronic-acid-intensive-cream-cosrx-official-7.jpg?v=1724835379,https://cdn.shopify.com/s/files/1/0513/3775/6828/files/800x1067____231120_c6fd833e-1e63-446f-81bb-ca35af5f8f47.webp?v=1704429290",,3.52 oz / 100g
Hydrium Centella Aqua Soothing Ampoule,$26.00,"https://cdn.shopify.com/s/files/1/0513/3775/6828/files/hydrium-centella-aqua-soothing-ampoule-cosrx-official-1.jpg?v=1689840666,https://cdn.shopify.com/s/files/1/0513/3775/6828/files/hydrium-centella-aqua-soothing-ampoule-cosrx-official-2.jpg?v=1689840668,https://cdn.shopify.com/s/files/1/0513/3775/6828/files/hydrium-centella-aqua-soothing-ampoule-cosrx-official-3.jpg?v=1689840670,https://cdn.shopify.com/s/files/1/0513/3775/6828/files/hydrium-centella-aqua-soothing-ampoule-cosrx-official-4.gif?v=1685603285,https://cdn.shopify.com/s/files/1/0513/3775/6828/files/hydrium-centella-aqua-soothing-ampoule-cosrx-official-5.jpg?v=1724835305,https://cdn.shopify.com/s/files/1/0513/3775/6828/files/hydrium-centella-aqua-soothing-ampoule-cosrx-official-6.jpg?v=1724835307,https://cdn.shopify.com/s/files/1/0513/3775/6828/files/hydrium-centella-aqua-soothing-ampoule-cosrx-official-7.jpg?v=1724835309,https://cdn.shopify.com/s/files/1/0513/3775/6828/files/hydrium-centella-aqua-soothing-ampoule-cosrx-official-8.jpg?v=1724835311,https://cdn.shopify.com/s/files/1/0513/3775/6828/files/hydrium-centella-aqua-soothing-ampoule-cosrx-official-9.jpg?v=1724835313,https://cdn.shopify.com/s/files/1/0513/3775/6828/files/hydrium-centella-aqua-soothing-ampoule-cosrx-official-10.jpg?v=1724835315,https://cdn.shopify.com/s/files/1/0513/3775/6828/files/hydrium-centella-aqua-soothing-ampoule-cosrx-official-11.jpg?v=1724835318,https://cdn.shopify.com/s/files/1/0513/3775/6828/files/hydrium-centella-aqua-soothing-ampoule-cosrx-official-12.jpg?v=1724835320",,1.35 fl.oz / 40mL
Hydrium Green Tea Aqua Soothing Gel Cream,$25.00,"https://cdn.shopify.com/s/files/1/0513/3775/6828/files/hydrium-green-tea-aqua-soothing-gel-cream-cosrx-official-1.jpg?v=1724835322,https://cdn.shopify.com/s/files/1/0513/3775/6828/files/hydrium-green-tea-aqua-soothing-gel-cream-cosrx-official-2.jpg?v=1724835324,https://cdn.shopify.com/s/files/1/0513/3775/6828/files/hydrium-green-tea-aqua-soothing-gel-cream-cosrx-official-3.jpg?v=1724835326,https://cdn.shopify.com/s/files/1/0513/3775/6828/files/hydrium-green-tea-aqua-soothing-gel-cream-cosrx-official-4.jpg?v=1724835328,https://cdn.shopify.com/s/files/1/0513/3775/6828/files/hydrium-green-tea-aqua-soothing-gel-cream-cosrx-official-5.jpg?v=1724835330,https://cdn.shopify.com/s/files/1/0513/3775/6828/files/hydrium-green-tea-aqua-soothing-gel-cream-cosrx-official-6.jpg?v=1724835333,https://cdn.shopify.com/s/files/1/0513/3775/6828/files/hydrium-green-tea-aqua-soothing-gel-cream-cosrx-official-7.jpg?v=1724835335,https://cdn.shopify.com/s/files/1/0513/3775/6828/files/hydrium-green-tea-aqua-soothing-gel-cream-cosrx-official-8.jpg?v=1724835337,https://cdn.shopify.com/s/files/1/0513/3775/6828/files/hydrium-green-tea-aqua-soothing-gel-cream-cosrx-official-9.jpg?v=1724835340,https://cdn.shopify.com/s/files/1/0513/3775/6828/files/hydrium-green-tea-aqua-soothing-gel-cream-cosrx-official-10.jpg?v=1724835341",,1.69 fl.oz / 50ml
Hydrium Moisture Power Enriched Cream,$25.00,"https://cdn.shopify.com/s/files/1/0513/3775/6828/files/hydrium-moisture-power-enriched-cream-cosrx-official-1.jpg?v=1689840658,https://cdn.shopify.com/s/files/1/0513/3775/6828/files/hydrium-moisture-power-enriched-cream-cosrx-official-2.jpg?v=1689840659,https://cdn.shopify.com/s/files/1/0513/3775/6828/files/hydrium-moisture-power-enriched-cream-cosrx-official-3.jpg?v=1724835146,https://cdn.shopify.com/s/files/1/0513/3775/6828/files/hydrium-moisture-power-enriched-cream-cosrx-official-4.gif?v=1685603226,https://cdn.shopify.com/s/files/1/0513/3775/6828/files/hydrium-moisture-power-enriched-cream-cosrx-official-5.jpg?v=1724835149,https://cdn.shopify.com/s/files/1/0513/3775/6828/files/hydrium-moisture-power-enriched-cream-cosrx-official-6.jpg?v=1724835151,https://cdn.shopify.com/s/files/1/0513/3775/6828/files/hydrium-moisture-power-enriched-cream-cosrx-official-7.jpg?v=1724835153,https://cdn.shopify.com/s/files/1/0513/3775/6828/files/hydrium-moisture-power-enriched-cream-cosrx-official-8.jpg?v=1724835156,https://cdn.shopify.com/s/files/1/0513/3775/6828/files/hydrium-moisture-power-enriched-cream-cosrx-official-9.jpg?v=1724835158,https://cdn.shopify.com/s/files/1/0513/3775/6828/files/hydrium-moisture-power-enriched-cream-cosrx-official-10.jpg?v=1724835160",,1.69 fl.oz / 50ml
Hydrium Triple Hyaluronic Moisture Ampoule,$26.00,"https://cdn.shopify.com/s/files/1/0513/3775/6828/files/hydrium-triple-hyaluronic-moisture-ampoule-cosrx-official-1.jpg?v=1724835343,https://cdn.shopify.com/s/files/1/0513/3775/6828/files/hydrium-triple-hyaluronic-moisture-ampoule-cosrx-official-2.jpg?v=1689840675,https://cdn.shopify.com/s/files/1/0513/3775/6828/files/hydrium-triple-hyaluronic-moisture-ampoule-cosrx-official-3.jpg?v=1689840676,https://cdn.shopify.com/s/files/1/0513/3775/6828/files/hydrium-triple-hyaluronic-moisture-ampoule-cosrx-official-4.gif?v=1685603318,https://cdn.shopify.com/s/files/1/0513/3775/6828/files/hydrium-triple-hyaluronic-moisture-ampoule-cosrx-official-5.jpg?v=1724835350,https://cdn.shopify.com/s/files/1/0513/3775/6828/files/hydrium-triple-hyaluronic-moisture-ampoule-cosrx-official-6.jpg?v=1724835352,https://cdn.shopify.com/s/files/1/0513/3775/6828/files/hydrium-triple-hyaluronic-moisture-ampoule-cosrx-official-7.jpg?v=1724835354,https://cdn.shopify.com/s/files/1/0513/3775/6828/files/hydrium-triple-hyaluronic-moisture-ampoule-cosrx-official-8.jpg?v=1724835357,https://cdn.shopify.com/s/files/1/0513/3775/6828/files/hydrium-triple-hyaluronic-moisture-ampoule-cosrx-official-9.jpg?v=1724835359,https://cdn.shopify.com/s/files/1/0513/3775/6828/files/hydrium-triple-hyaluronic-moisture-ampoule-cosrx-official-10.jpg?v=1724835361,https://cdn.shopify.com/s/files/1/0513/3775/6828/files/hydrium-triple-hyaluronic-moisture-ampoule-cosrx-official-11.jpg?v=1724835363",,1.35 fl.oz / 40mL
Hydrium Triple Hyaluronic Moisturizing Cleanser,$18.00,"https://cdn.shopify.com/s/files/1/0513/3775/6828/files/hydrium-triple-hyaluronic-moisturizing-cleanser-cosrx-official-1.jpg?v=1724836058,https://cdn.shopify.com/s/files/1/0513/3775/6828/files/hydrium-triple-hyaluronic-moisturizing-cleanser-cosrx-official-2.jpg?v=1724836060,https://cdn.shopify.com/s/files/1/0513/3775/6828/files/hydrium-triple-hyaluronic-moisturizing-cleanser-cosrx-official-3.jpg?v=1724836062,https://cdn.shopify.com/s/files/1/0513/3775/6828/files/hydrium-triple-hyaluronic-moisturizing-cleanser-cosrx-official-4.jpg?v=1724836064,https://cdn.shopify.com/s/files/1/0513/3775/6828/files/hydrium-triple-hyaluronic-moisturizing-cleanser-cosrx-official-5.jpg?v=1724836066,https://cdn.shopify.com/s/files/1/0513/3775/6828/files/hydrium-triple-hyaluronic-moisturizing-cleanser-cosrx-official-6.jpg?v=1724836069,https://cdn.shopify.com/s/files/1/0513/3775/6828/files/hydrium-triple-hyaluronic-moisturizing-cleanser-cosrx-official-7.jpg?v=1724836071,https://cdn.shopify.com/s/files/1/0513/3775/6828/files/hydrium-triple-hyaluronic-moisturizing-cleanser-cosrx-official-8.jpg?v=1724836073,https://cdn.shopify.com/s/files/1/0513/3775/6828/files/hydrium-triple-hyaluronic-moisturizing-cleanser-cosrx-official-9.jpg?v=1724836075,https://cdn.shopify.com/s/files/1/0513/3775/6828/files/hydrium-triple-hyaluronic-moisturizing-cleanser-cosrx-official-10.jpg?v=1724836077",,5.07 fl.oz / 150ml
Hydrium Triple Hyaluronic Water Wave Sheet Mask,$6.00,"https://cdn.shopify.com/s/files/1/0513/3775/6828/files/hydrium-triple-hyaluronic-water-wave-sheet-mask-cosrx-official-1.jpg?v=1724836079,https://cdn.shopify.com/s/files/1/0513/3775/6828/files/hydrium-triple-hyaluronic-water-wave-sheet-mask-cosrx-official-2.jpg?v=1724836082,https://cdn.shopify.com/s/files/1/0513/3775/6828/files/hydrium-triple-hyaluronic-water-wave-sheet-mask-cosrx-official-3.jpg?v=1724836085,https://cdn.shopify.com/s/files/1/0513/3775/6828/files/hydrium-triple-hyaluronic-water-wave-sheet-mask-cosrx-official-4.jpg?v=1724836088,https://cdn.shopify.com/s/files/1/0513/3775/6828/files/hydrium-triple-hyaluronic-water-wave-sheet-mask-cosrx-official-5.jpg?v=1724836090,https://cdn.shopify.com/s/files/1/0513/3775/6828/files/hydrium-triple-hyaluronic-water-wave-sheet-mask-cosrx-official-6.jpg?v=1724836092,https://cdn.shopify.com/s/files/1/0513/3775/6828/files/hydrium-triple-hyaluronic-water-wave-sheet-mask-cosrx-official-7.jpg?v=1724836094",,
Hydrium Watery Toner,$29.00,"https://cdn.shopify.com/s/files/1/0513/3775/6828/files/hydrium-watery-toner-cosrx-official-1.jpg?v=1724836011,https://cdn.shopify.com/s/files/1/0513/3775/6828/files/hydrium-watery-toner-cosrx-official-2.jpg?v=1724836014,https://cdn.shopify.com/s/files/1/0513/3775/6828/files/hydrium-watery-toner-cosrx-official-3.jpg?v=1724836016,https://cdn.shopify.com/s/files/1/0513/3775/6828/files/hydrium-watery-toner-cosrx-official-4.jpg?v=1724836018,https://cdn.shopify.com/s/files/1/0513/3775/6828/files/hydrium-watery-toner-cosrx-official-5.jpg?v=1724836021,https://cdn.shopify.com/s/files/1/0513/3775/6828/files/hydrium-watery-toner-cosrx-official-6.jpg?v=1724836023,https://cdn.shopify.com/s/files/1/0513/3775/6828/files/hydrium-watery-toner-cosrx-official-7.jpg?v=1724836025,https://cdn.shopify.com/s/files/1/0513/3775/6828/files/hydrium-watery-toner-cosrx-official-8.jpg?v=1724836028,https://cdn.shopify.com/s/files/1/0513/3775/6828/files/hydrium-watery-toner-cosrx-official-9.jpg?v=1724836029,https://cdn.shopify.com/s/files/1/0513/3775/6828/files/hydrium-watery-toner-cosrx-official-12.jpg?v=1724836031,https://cdn.shopify.com/s/files/1/0513/3775/6828/files/waterytoner50_01.jpg?v=1704429317",,"9.46 fl.oz / 280ml,5.07 fl.oz / 150ml,1.69 fl.oz / 50ml"
Lip Plump - Refresh AHA BHA Vitamin C Lip Plumper,$19.00,"https://cdn.shopify.com/s/files/1/0513/3775/6828/files/lip-plump-refresh-aha-bha-vitamin-c-lip-plumper-cosrx-official-1.jpg?v=1724836331,https://cdn.shopify.com/s/files/1/0513/3775/6828/files/lip-plump-refresh-aha-bha-vitamin-c-lip-plumper-cosrx-official-2.jpg?v=1724836333,https://cdn.shopify.com/s/files/1/0513/3775/6828/files/lip-plump-refresh-aha-bha-vitamin-c-lip-plumper-cosrx-official-3.jpg?v=1724836335,https://cdn.shopify.com/s/files/1/0513/3775/6828/files/lip-plump-refresh-aha-bha-vitamin-c-lip-plumper-cosrx-official-4.jpg?v=1724836337,https://cdn.shopify.com/s/files/1/0513/3775/6828/files/lip-plump-refresh-aha-bha-vitamin-c-lip-plumper-cosrx-official-5.jpg?v=1724836339,https://cdn.shopify.com/s/files/1/0513/3775/6828/files/lip-plump-refresh-aha-bha-vitamin-c-lip-plumper-cosrx-official-6.jpg?v=1724836342",,0.70 fl.oz / 20g
Lip Scrub - Full Fit Honey Sugar Lip Scrub,$19.00,"https://cdn.shopify.com/s/files/1/0513/3775/6828/files/lip-scrub-full-fit-honey-sugar-lip-scrub-cosrx-official-1.jpg?v=1724836318,https://cdn.shopify.com/s/files/1/0513/3775/6828/files/lip-scrub-full-fit-honey-sugar-lip-scrub-cosrx-official-2.jpg?v=1724836321,https://cdn.shopify.com/s/files/1/0513/3775/6828/files/lip-scrub-full-fit-honey-sugar-lip-scrub-cosrx-official-3.jpg?v=1724836323,https://cdn.shopify.com/s/files/1/0513/3775/6828/files/lip-scrub-full-fit-honey-sugar-lip-scrub-cosrx-official-4.jpg?v=1724836325,https://cdn.shopify.com/s/files/1/0513/3775/6828/files/lip-scrub-full-fit-honey-sugar-lip-scrub-cosrx-official-5.jpg?v=1724836327,https://cdn.shopify.com/s/files/1/0513/3775/6828/files/lip-scrub-full-fit-honey-sugar-lip-scrub-cosrx-official-6.jpg?v=1724836329",,0.70 fl.oz / 20g
Lip Sleep - Balancium Ceramide Lip Butter Sleeping Mask,$19.00,"https://cdn.shopify.com/s/files/1/0513/3775/6828/files/lip-sleep-balancium-ceramide-lip-butter-sleeping-mask-cosrx-official-1.jpg?v=1724836282,https://cdn.shopify.com/s/files/1/0513/3775/6828/files/lip-sleep-balancium-ceramide-lip-butter-sleeping-mask-cosrx-official-2.jpg?v=1724836284,https://cdn.shopify.com/s/files/1/0513/3775/6828/files/lip-sleep-balancium-ceramide-lip-butter-sleeping-mask-cosrx-official-3.jpg?v=1724836286,https://cdn.shopify.com/s/files/1/0513/3775/6828/files/lip-sleep-balancium-ceramide-lip-butter-sleeping-mask-cosrx-official-4.jpg?v=1724836289,https://cdn.shopify.com/s/files/1/0513/3775/6828/files/lip-sleep-balancium-ceramide-lip-butter-sleeping-mask-cosrx-official-5.jpg?v=1724836291,https://cdn.shopify.com/s/files/1/0513/3775/6828/files/lip-sleep-balancium-ceramide-lip-butter-sleeping-mask-cosrx-official-6.jpg?v=1724836293,https://cdn.shopify.com/s/files/1/0513/3775/6828/files/lip-sleep-balancium-ceramide-lip-butter-sleeping-mask-cosrx-official-7.jpg?v=1724836295,https://cdn.shopify.com/s/files/1/0513/3775/6828/files/lip-sleep-balancium-ceramide-lip-butter-sleeping-mask-cosrx-official-8.jpg?v=1724836297",,0.70 fl.oz / 20g
Low pH Good Morning Gel Cleanser,$14.00,"https://cdn.shopify.com/s/files/1/0513/3775/6828/files/low-ph-good-morning-gel-cleanser-cosrx-official-1.jpg?v=1768785801,https://cdn.shopify.com/s/files/1/0513/3775/6828/files/LowpH_Gel_Cleanser_02__1.webp?v=1780987993,https://cdn.shopify.com/s/files/1/0513/3775/6828/files/LowpH_Gel_Cleanser_03.webp?v=1780904507,https://cdn.shopify.com/s/files/1/0513/3775/6828/files/LowpH_Gel_Cleanser_04.webp?v=1780904507,https://cdn.shopify.com/s/files/1/0513/3775/6828/files/LowpH_Gel_Cleanser_05.webp?v=1780904507,https://cdn.shopify.com/s/files/1/0513/3775/6828/files/LowpH_Gel_Cleanser_07.webp?v=1780904507,https://cdn.shopify.com/s/files/1/0513/3775/6828/files/LowpH_Gel_Cleanser_08.webp?v=1780904507,https://cdn.shopify.com/s/files/1/0513/3775/6828/files/low-ph-good-morning-gel-cleanser-cosrx-official-12.jpg?v=1768785801,https://cdn.shopify.com/s/files/1/0513/3775/6828/files/low-ph-good-morning-gel-cleanser-cosrx-official-11.jpg?v=1768785801",,"5.07 fl.oz / 150ml,1.69 fl.oz / 50ml"
Low pH Goodnight Soft Peeling Gel,$16.00,"https://cdn.shopify.com/s/files/1/0513/3775/6828/files/low-ph-goodnight-soft-peeling-gel-cosrx-official-1.jpg?v=1724836210,https://cdn.shopify.com/s/files/1/0513/3775/6828/files/low-ph-goodnight-soft-peeling-gel-cosrx-official-2.jpg?v=1724836212,https://cdn.shopify.com/s/files/1/0513/3775/6828/files/low-ph-goodnight-soft-peeling-gel-cosrx-official-3.jpg?v=1724836214,https://cdn.shopify.com/s/files/1/0513/3775/6828/files/low-ph-goodnight-soft-peeling-gel-cosrx-official-4.jpg?v=1724836216,https://cdn.shopify.com/s/files/1/0513/3775/6828/files/low-ph-goodnight-soft-peeling-gel-cosrx-official-5.jpg?v=1724836218,https://cdn.shopify.com/s/files/1/0513/3775/6828/files/low-ph-goodnight-soft-peeling-gel-cosrx-official-6.jpg?v=1724836220,https://cdn.shopify.com/s/files/1/0513/3775/6828/files/low-ph-goodnight-soft-peeling-gel-cosrx-official-7.jpg?v=1724836223,https://cdn.shopify.com/s/files/1/0513/3775/6828/files/low-ph-goodnight-soft-peeling-gel-cosrx-official-8.jpg?v=1724836225,https://cdn.shopify.com/s/files/1/0513/3775/6828/files/low-ph-goodnight-soft-peeling-gel-cosrx-official-9.jpg?v=1724836227",,4.05 fl.oz / 120mL
Master Patch Basic [36ea],$12.00,"https://cdn.shopify.com/s/files/1/0513/3775/6828/files/master-patch-basic-36ea-cosrx-official-1.jpg?v=1724836449,https://cdn.shopify.com/s/files/1/0513/3775/6828/files/master-patch-basic-36ea-cosrx-official-2.jpg?v=1724836451,https://cdn.shopify.com/s/files/1/0513/3775/6828/files/master-patch-basic-36ea-cosrx-official-3.jpg?v=1724836453,https://cdn.shopify.com/s/files/1/0513/3775/6828/files/master-patch-basic-36ea-cosrx-official-4.jpg?v=1724836455,https://cdn.shopify.com/s/files/1/0513/3775/6828/files/master-patch-basic-36ea-cosrx-official-5.jpg?v=1724836457,https://cdn.shopify.com/s/files/1/0513/3775/6828/files/master-patch-basic-36ea-cosrx-official-6.png?v=1724836460,https://cdn.shopify.com/s/files/1/0513/3775/6828/files/master-patch-basic-36ea-cosrx-official-7.png?v=1724836463",,36ea
Master Patch Basic [90ea],$25.00,"https://cdn.shopify.com/s/files/1/0513/3775/6828/files/master-patch-basic-90ea-cosrx-official-1.jpg?v=1724836465,https://cdn.shopify.com/s/files/1/0513/3775/6828/files/master-patch-basic-90ea-cosrx-official-2.jpg?v=1724836467,https://cdn.shopify.com/s/files/1/0513/3775/6828/files/master-patch-basic-90ea-cosrx-official-3.jpg?v=1724836469,https://cdn.shopify.com/s/files/1/0513/3775/6828/files/master-patch-basic-90ea-cosrx-official-4.jpg?v=1724836471,https://cdn.shopify.com/s/files/1/0513/3775/6828/files/master-patch-basic-90ea-cosrx-official-5.jpg?v=1724836473,https://cdn.shopify.com/s/files/1/0513/3775/6828/files/master-patch-basic-90ea-cosrx-official-6.png?v=1724836476,https://cdn.shopify.com/s/files/1/0513/3775/6828/files/master-patch-basic-90ea-cosrx-official-7.png?v=1724836479",,12mm Patches (90ea)
Master Patch Intensive [36ea],$12.00,"https://cdn.shopify.com/s/files/1/0513/3775/6828/files/master-patch-intensive-36ea-cosrx-official-1.jpg?v=1724836510,https://cdn.shopify.com/s/files/1/0513/3775/6828/files/master-patch-intensive-36ea-cosrx-official-2.jpg?v=1724836512,https://cdn.shopify.com/s/files/1/0513/3775/6828/files/master-patch-intensive-36ea-cosrx-official-3.jpg?v=1724836514,https://cdn.shopify.com/s/files/1/0513/3775/6828/files/master-patch-intensive-36ea-cosrx-official-4.jpg?v=1724836517,https://cdn.shopify.com/s/files/1/0513/3775/6828/files/master-patch-intensive-36ea-cosrx-official-5.jpg?v=1724836519,https://cdn.shopify.com/s/files/1/0513/3775/6828/files/master-patch-intensive-36ea-cosrx-official-6.png?v=1724836522,https://cdn.shopify.com/s/files/1/0513/3775/6828/files/master-patch-intensive-36ea-cosrx-official-7.png?v=1724836525",,36ea
Master Patch Intensive [90ea],$25.00,"https://cdn.shopify.com/s/files/1/0513/3775/6828/files/master-patch-intensive-90ea-cosrx-official-1.jpg?v=1724836494,https://cdn.shopify.com/s/files/1/0513/3775/6828/files/master-patch-intensive-90ea-cosrx-official-2.jpg?v=1724836496,https://cdn.shopify.com/s/files/1/0513/3775/6828/files/master-patch-intensive-90ea-cosrx-official-3.jpg?v=1724836498,https://cdn.shopify.com/s/files/1/0513/3775/6828/files/master-patch-intensive-90ea-cosrx-official-4.jpg?v=1724836500,https://cdn.shopify.com/s/files/1/0513/3775/6828/files/master-patch-intensive-90ea-cosrx-official-5.jpg?v=1724836502,https://cdn.shopify.com/s/files/1/0513/3775/6828/files/master-patch-intensive-90ea-cosrx-official-6.png?v=1724836505,https://cdn.shopify.com/s/files/1/0513/3775/6828/files/master-patch-intensive-90ea-cosrx-official-7.png?v=1724836508",,13*9mm & 16*11mm (90 patches)
Master Patch X-Large,$18.00,"https://cdn.shopify.com/s/files/1/0513/3775/6828/files/master-patch-x-large-cosrx-official-1.jpg?v=1724836481,https://cdn.shopify.com/s/files/1/0513/3775/6828/files/master-patch-x-large-cosrx-official-2.jpg?v=1724836483,https://cdn.shopify.com/s/files/1/0513/3775/6828/files/master-patch-x-large-cosrx-official-3.jpg?v=1724836485,https://cdn.shopify.com/s/files/1/0513/3775/6828/files/master-patch-x-large-cosrx-official-4.jpg?v=1724836487,https://cdn.shopify.com/s/files/1/0513/3775/6828/files/master-patch-x-large-cosrx-official-5.jpg?v=1724836489,https://cdn.shopify.com/s/files/1/0513/3775/6828/files/master-patch-x-large-cosrx-official-6.png?v=1724836492",,1 Pack
Oil-Free Ultra-Moisturizing Lotion with Birch Sap,$25.00,"https://cdn.shopify.com/s/files/1/0513/3775/6828/files/oil-free-ultra-moisturizing-lotion-with-birch-sap-cosrx-official-1.png?v=1724836818,https://cdn.shopify.com/s/files/1/0513/3775/6828/files/oil-free-ultra-moisturizing-lotion-with-birch-sap-cosrx-official-2.jpg?v=1724836820,https://cdn.shopify.com/s/files/1/0513/3775/6828/files/oil-free-ultra-moisturizing-lotion-with-birch-sap-cosrx-official-3.jpg?v=1724836822,https://cdn.shopify.com/s/files/1/0513/3775/6828/files/oil-free-ultra-moisturizing-lotion-with-birch-sap-cosrx-official-4.jpg?v=1724836824,https://cdn.shopify.com/s/files/1/0513/3775/6828/files/oil-free-ultra-moisturizing-lotion-with-birch-sap-cosrx-official-5.jpg?v=1724836826,https://cdn.shopify.com/s/files/1/0513/3775/6828/files/oil-free-ultra-moisturizing-lotion-with-birch-sap-cosrx-official-6.jpg?v=1724836828,https://cdn.shopify.com/s/files/1/0513/3775/6828/files/oil-free-ultra-moisturizing-lotion-with-birch-sap-cosrx-official-7.jpg?v=1724836830,https://cdn.shopify.com/s/files/1/0513/3775/6828/files/oil-free-ultra-moisturizing-lotion-with-birch-sap-cosrx-official-8.jpg?v=1724836832",,3.38 fl. oz / 100ml
One Step Moisture Up Pad,$22.00,"https://cdn.shopify.com/s/files/1/0513/3775/6828/files/Moisture_Pad_0.jpg?v=1710475791,https://cdn.shopify.com/s/files/1/0513/3775/6828/files/Moisture_Pad_1.jpg?v=1710475793,https://cdn.shopify.com/s/files/1/0513/3775/6828/files/Moisture_Pad_2.jpg?v=1724836770,https://cdn.shopify.com/s/files/1/0513/3775/6828/files/Moisture_Pad_3.jpg?v=1710475797,https://cdn.shopify.com/s/files/1/0513/3775/6828/files/Moisture_Pad_4.jpg?v=1710475800,https://cdn.shopify.com/s/files/1/0513/3775/6828/files/Moisture_Pad_5.jpg?v=1710475802,https://cdn.shopify.com/s/files/1/0513/3775/6828/files/Moisture_Pad_6.jpg?v=1710475804,https://cdn.shopify.com/s/files/1/0513/3775/6828/files/Moisture_Pad_7.jpg?v=1710475806,https://cdn.shopify.com/s/files/1/0513/3775/6828/files/Moisture_Pad_8.jpg?v=1724836783,https://cdn.shopify.com/s/files/1/0513/3775/6828/files/Moisture_Pad_9.jpg?v=1710475809,https://cdn.shopify.com/s/files/1/0513/3775/6828/files/Moisture_Pad_10.jpg?v=1710475812,https://cdn.shopify.com/s/files/1/0513/3775/6828/files/Moisture_Pad_11.jpg?v=1710475814",,
One Step Original Blemish Pore Clear Pad,$26.00,"https://cdn.shopify.com/s/files/1/0513/3775/6828/files/OneStep_Blemish_Pad_00.jpg?v=1774854088,https://cdn.shopify.com/s/files/1/0513/3775/6828/files/OneStep_Blemish_Pad_03.jpg?v=1774854088,https://cdn.shopify.com/s/files/1/0513/3775/6828/files/OneStep_Blemish_Pad_04.jpg?v=1774854088,https://cdn.shopify.com/s/files/1/0513/3775/6828/files/OneStep_Blemish_Pad_05.jpg?v=1774854088,https://cdn.shopify.com/s/files/1/0513/3775/6828/files/OneStep_Blemish_Pad_06__2.jpg?v=1774854088,https://cdn.shopify.com/s/files/1/0513/3775/6828/files/OneStep_Blemish_Pad_08__2.jpg?v=1774854088,https://cdn.shopify.com/s/files/1/0513/3775/6828/files/OneStep_Blemish_Pad_09_e238ecec-489f-4e50-bed9-9f949beb3061.jpg?v=1774854088,https://cdn.shopify.com/s/files/1/0513/3775/6828/files/OneStep_Blemish_Pad_11.jpg?v=1774854088,https://cdn.shopify.com/s/files/1/0513/3775/6828/files/OneStep_Blemish_Pad_13.jpg?v=1774854088,https://cdn.shopify.com/s/files/1/0513/3775/6828/files/OneStep_Blemish_Pad_14.jpg?v=1774854088,https://cdn.shopify.com/s/files/1/0513/3775/6828/files/OneStep_Blemish_Pad_18.jpg?v=1774854088,https://cdn.shopify.com/s/files/1/0513/3775/6828/files/OneStep_Blemish_Pad_19.jpg?v=1774854088",,100 Pads / 10.14 fl. oz. (300mL)
One Step Original Clear Pad,$22.00,"https://cdn.shopify.com/s/files/1/0513/3775/6828/files/Original_Pad_0.jpg?v=1694078299,https://cdn.shopify.com/s/files/1/0513/3775/6828/files/Original_Pad_1.jpg?v=1694078301,https://cdn.shopify.com/s/files/1/0513/3775/6828/files/Original_Pad_2.jpg?v=1724836720,https://cdn.shopify.com/s/files/1/0513/3775/6828/files/Original_Pad_3.jpg?v=1694078305,https://cdn.shopify.com/s/files/1/0513/3775/6828/files/Original_Pad_4.jpg?v=1694078307,https://cdn.shopify.com/s/files/1/0513/3775/6828/files/Original_Pad_5.jpg?v=1694078308,https://cdn.shopify.com/s/files/1/0513/3775/6828/files/Original_Pad_6.jpg?v=1724836728,https://cdn.shopify.com/s/files/1/0513/3775/6828/files/Original_Pad_7.jpg?v=1694078312,https://cdn.shopify.com/s/files/1/0513/3775/6828/files/Original_Pad_8.jpg?v=1694078314,https://cdn.shopify.com/s/files/1/0513/3775/6828/files/Original_Pad_9.jpg?v=1724836734,https://cdn.shopify.com/s/files/1/0513/3775/6828/files/Original_Pad_10.jpg?v=1724836736,https://cdn.shopify.com/s/files/1/0513/3775/6828/files/Original_Pad_11.jpg?v=1724836738",,
One Step Original Clear Skin Calming Pad,$26.00,"https://cdn.shopify.com/s/files/1/0513/3775/6828/files/OneStep_Calming_Pad_00.jpg?v=1774854164,https://cdn.shopify.com/s/files/1/0513/3775/6828/files/OneStep_Calming_Pad_03.jpg?v=1774854164,https://cdn.shopify.com/s/files/1/0513/3775/6828/files/OneStep_Calming_Pad_04.jpg?v=1774854164,https://cdn.shopify.com/s/files/1/0513/3775/6828/files/OneStep_Calming_Pad_05.jpg?v=1774854164,https://cdn.shopify.com/s/files/1/0513/3775/6828/files/OneStep_Calming_Pad_06.jpg?v=1774854164,https://cdn.shopify.com/s/files/1/0513/3775/6828/files/OneStep_Calming_Pad_07.jpg?v=1774854164,https://cdn.shopify.com/s/files/1/0513/3775/6828/files/OneStep_Calming_Pad_08.jpg?v=1774854164,https://cdn.shopify.com/s/files/1/0513/3775/6828/files/OneStep_Calming_Pad_09.jpg?v=1774854164,https://cdn.shopify.com/s/files/1/0513/3775/6828/files/OneStep_Calming_Pad_11.jpg?v=1774854164,https://cdn.shopify.com/s/files/1/0513/3775/6828/files/OneStep_Calming_Pad_13.jpg?v=1774854164,https://cdn.shopify.com/s/files/1/0513/3775/6828/files/OneStep_Calming_Pad_18.jpg?v=1774854164,https://cdn.shopify.com/s/files/1/0513/3775/6828/files/OneStep_Calming_Pad_19.jpg?v=1774854164",,100 Pads / 9.46 fl. oz. (280mL)
One Step Original Peptide Collagen Lifting Glow Pad,$26.00,"https://cdn.shopify.com/s/files/1/0513/3775/6828/files/1_800x1067_40e9bec3-18f2-4c99-9778-941e17858fa3.webp?v=1774854217,https://cdn.shopify.com/s/files/1/0513/3775/6828/files/03_75314a75-75e6-4051-8d7f-700b69ef8e53.webp?v=1774854217,https://cdn.shopify.com/s/files/1/0513/3775/6828/files/04_7d9d306d-f4fe-49d9-b100-5463c55aaafa.webp?v=1774854217,https://cdn.shopify.com/s/files/1/0513/3775/6828/files/06.webp?v=1774854217,https://cdn.shopify.com/s/files/1/0513/3775/6828/files/07.webp?v=1774854217,https://cdn.shopify.com/s/files/1/0513/3775/6828/files/08.webp?v=1774854217,https://cdn.shopify.com/s/files/1/0513/3775/6828/files/09.webp?v=1774854217,https://cdn.shopify.com/s/files/1/0513/3775/6828/files/10.webp?v=1774854217,https://cdn.shopify.com/s/files/1/0513/3775/6828/files/11.webp?v=1774854217,https://cdn.shopify.com/s/files/1/0513/3775/6828/files/12.webp?v=1774854217,https://cdn.shopify.com/s/files/1/0513/3775/6828/files/13.webp?v=1774854217,https://cdn.shopify.com/s/files/1/0513/3775/6828/files/14.webp?v=1774854217,https://cdn.shopify.com/s/files/1/0513/3775/6828/files/19.webp?v=1774854217,https://cdn.shopify.com/s/files/1/0513/3775/6828/files/21.webp?v=1774854217,https://cdn.shopify.com/s/files/1/0513/3775/6828/files/22.webp?v=1774854217",,100 Pads / 10.14 fl. oz. (300mL)
One Step Original Tone Clarifying Moisture Pad,$26.00,"https://cdn.shopify.com/s/files/1/0513/3775/6828/files/One-Step_Moisture_Pad_00.webp?v=1774854127,https://cdn.shopify.com/s/files/1/0513/3775/6828/files/One-Step_Moisture_Pad_03.webp?v=1774854127,https://cdn.shopify.com/s/files/1/0513/3775/6828/files/One-Step_Moisture_Pad_04.webp?v=1774854127,https://cdn.shopify.com/s/files/1/0513/3775/6828/files/One-Step_Moisture_Pad_05.webp?v=1774854127,https://cdn.shopify.com/s/files/1/0513/3775/6828/files/One-Step_Moisture_Pad_06.webp?v=1774854127,https://cdn.shopify.com/s/files/1/0513/3775/6828/files/One-Step_Moisture_Pad_07.webp?v=1774854127,https://cdn.shopify.com/s/files/1/0513/3775/6828/files/One-Step_Moisture_Pad_09.webp?v=1774854127,https://cdn.shopify.com/s/files/1/0513/3775/6828/files/One-Step_Moisture_Pad_10.webp?v=1774854127,https://cdn.shopify.com/s/files/1/0513/3775/6828/files/One-Step_Moisture_Pad_11.webp?v=1774854127,https://cdn.shopify.com/s/files/1/0513/3775/6828/files/One-Step_Moisture_Pad_12.webp?v=1774854127,https://cdn.shopify.com/s/files/1/0513/3775/6828/files/One-Step_Moisture_Pad_14.webp?v=1774854127,https://cdn.shopify.com/s/files/1/0513/3775/6828/files/One-Step_Moisture_Pad_16.webp?v=1774854127,https://cdn.shopify.com/s/files/1/0513/3775/6828/files/One-Step_Moisture_Pad_21.webp?v=1774854127,https://cdn.shopify.com/s/files/1/0513/3775/6828/files/One-Step_Moisture_Pad_22.webp?v=1774854127",,100 Pads / 7. 77 fl. oz. (230mL)
One Step Original Toner Pad Case,$3.00,"https://cdn.shopify.com/s/files/1/0513/3775/6828/files/Thumb_OnestepPadCase_01_800x1067_32a53bd4-b57d-4765-be5f-da2d30157c55.jpg?v=1787037462,https://cdn.shopify.com/s/files/1/0513/3775/6828/files/Thumb_OnestepPadCase_02_800x1067_0eadcb57-aade-4f61-9e66-c41bc7cdaab8.jpg?v=1787037462",,
PDRN Daily Routine Kit,$71.00,https://cdn.shopify.com/s/files/1/0513/3775/6828/files/03_5PDRN_DailyRoutine_Kit_bfd28493-a098-4dda-8255-f322aa5c4e7f.jpg?v=1775202843,,
PDRN Full Routine Kit,$86.00,https://cdn.shopify.com/s/files/1/0513/3775/6828/files/04_5PDRN_FullRoutine_Kit_b9cfb81b-2c89-468c-a368-9d240765701f.jpg?v=1775436983,,
PDRN Glass Skin Duo,$42.00,https://cdn.shopify.com/s/files/1/0513/3775/6828/files/02_5PDRN_GlassSkin_Duo.jpg?v=1775202740,,
PDRN Premium Routine Kit,$103.00,https://cdn.shopify.com/s/files/1/0513/3775/6828/files/05_5PDRN_PremiumRoutine_Kit.jpg?v=1775202740,,
PDRN Special Care Duo,$38.00,https://cdn.shopify.com/s/files/1/0513/3775/6828/files/01_5PDRN_EyeCare_Duo_33f0ede6-319a-452d-a063-d99072a03d15.jpg?v=1775202930,,
Peptide & PDRN Eye Patch Duo,$46.00,https://cdn.shopify.com/s/files/1/0513/3775/6828/files/eye-patch_peptide_pdrn_800x1067_640bb2c8-9b88-4a62-86ec-d53db2dee49e.jpg?v=1776763701,,
Peptide Plumping Eye Care Duo,$51.00,https://cdn.shopify.com/s/files/1/0513/3775/6828/files/03_7fbbdc4f-4b59-4cdf-a9ed-a0e07f468491.webp?v=1764810037,,
Peptide Special Care Duo,$38.00,https://cdn.shopify.com/s/files/1/0513/3775/6828/files/02_9cd95782-2a3d-466d-8465-a922a4c67925.webp?v=1764808652,,
Peptide-132 Hair Bonding Kit,$69.00,"https://cdn.shopify.com/s/files/1/0513/3775/6828/files/260703__132_3__800x1067_d8f04d99-359c-40ed-886a-ec93ec78cdcd.webp?v=1783410428,https://cdn.shopify.com/s/files/1/0513/3775/6828/files/7__132-__800x1067_512bdd9b-6140-4f80-a00f-a393751a90c1.webp?v=1765445105",,
Peptide-132 Hair Home Care Duo,$60.00,"https://cdn.shopify.com/s/files/1/0513/3775/6828/files/260703__132__800x1067_3fccb999-f8c2-486e-972e-2e66b3e4eb4b.webp?v=1783410428,https://cdn.shopify.com/s/files/1/0513/3775/6828/files/260703__132_2__800x1067_88212ed7-3f97-48ec-bb03-5acd7be1915d.webp?v=1783410428",,
Peptide-132 Hair Home Care Kit,$97.00,"https://cdn.shopify.com/s/files/1/0513/3775/6828/files/260703__132_3__800x1067_9dfc473d-8cc3-4312-b4f1-144ead948491.jpg?v=1783410489,https://cdn.shopify.com/s/files/1/0513/3775/6828/files/260703__132_3__800x1067_8bd6df3a-4793-4ed7-bcce-824a91e3cc6a.jpg?v=1783410489",,
Plump & Hydrate Kit,$86.00,"https://cdn.shopify.com/s/files/1/0513/3775/6828/files/4___800x1067_120fe6f5-32bd-48ca-992c-8e6ecadfabb9.webp?v=1765447957,https://cdn.shopify.com/s/files/1/0513/3775/6828/files/5___800x1067_0ceaaa05-bc40-4198-962f-7baef1f34903.webp?v=1765447966",,
Poreless Clarifying Charcoal Mask Pink,$19.00,"https://cdn.shopify.com/s/files/1/0513/3775/6828/files/poreless-clarifying-charcoal-mask-pink-cosrx-official-1.jpg?v=1724836344,https://cdn.shopify.com/s/files/1/0513/3775/6828/files/poreless-clarifying-charcoal-mask-pink-cosrx-official-2.jpg?v=1724836346,https://cdn.shopify.com/s/files/1/0513/3775/6828/files/poreless-clarifying-charcoal-mask-pink-cosrx-official-3.jpg?v=1724836349,https://cdn.shopify.com/s/files/1/0513/3775/6828/files/poreless-clarifying-charcoal-mask-pink-cosrx-official-4.jpg?v=1724836351,https://cdn.shopify.com/s/files/1/0513/3775/6828/files/poreless-clarifying-charcoal-mask-pink-cosrx-official-5.jpg?v=1724836353,https://cdn.shopify.com/s/files/1/0513/3775/6828/files/poreless-clarifying-charcoal-mask-pink-cosrx-official-6.jpg?v=1724836355,https://cdn.shopify.com/s/files/1/0513/3775/6828/files/poreless-clarifying-charcoal-mask-pink-cosrx-official-7.jpg?v=1724836357,https://cdn.shopify.com/s/files/1/0513/3775/6828/files/poreless-clarifying-charcoal-mask-pink-cosrx-official-8.jpg?v=1724836359,https://cdn.shopify.com/s/files/1/0513/3775/6828/files/poreless-clarifying-charcoal-mask-pink-cosrx-official-9.jpg?v=1724836361,https://cdn.shopify.com/s/files/1/0513/3775/6828/files/poreless-clarifying-charcoal-mask-pink-cosrx-official-10.jpg?v=1724836364,https://cdn.shopify.com/s/files/1/0513/3775/6828/files/poreless-clarifying-charcoal-mask-pink-cosrx-official-11.jpg?v=1724836366,https://cdn.shopify.com/s/files/1/0513/3775/6828/files/poreless-clarifying-charcoal-mask-pink-cosrx-official-12.jpg?v=1724836368",,3.80 fl.oz / 110g
Pure Fit Cica Calming True Sheet Mask,$6.00,"https://cdn.shopify.com/s/files/1/0513/3775/6828/files/pure-fit-cica-calming-true-sheet-mask-cosrx-official-1.jpg?v=1724835917,https://cdn.shopify.com/s/files/1/0513/3775/6828/files/pure-fit-cica-calming-true-sheet-mask-cosrx-official-2.jpg?v=1724835920,https://cdn.shopify.com/s/files/1/0513/3775/6828/files/pure-fit-cica-calming-true-sheet-mask-cosrx-official-3.jpg?v=1724835922,https://cdn.shopify.com/s/files/1/0513/3775/6828/files/pure-fit-cica-calming-true-sheet-mask-cosrx-official-4.jpg?v=1724835924,https://cdn.shopify.com/s/files/1/0513/3775/6828/files/pure-fit-cica-calming-true-sheet-mask-cosrx-official-5.jpg?v=1724835926,https://cdn.shopify.com/s/files/1/0513/3775/6828/files/pure-fit-cica-calming-true-sheet-mask-cosrx-official-6.jpg?v=1724835928",,1 ea
Pure Fit Cica Clear Cleansing Oil,$29.00,"https://cdn.shopify.com/s/files/1/0513/3775/6828/files/pure-fit-cica-clear-cleansing-oil-cosrx-official-1.jpg?v=1724836229,https://cdn.shopify.com/s/files/1/0513/3775/6828/files/pure-fit-cica-clear-cleansing-oil-cosrx-official-2.jpg?v=1724836231,https://cdn.shopify.com/s/files/1/0513/3775/6828/files/pure-fit-cica-clear-cleansing-oil-cosrx-official-3.jpg?v=1724836233,https://cdn.shopify.com/s/files/1/0513/3775/6828/files/pure-fit-cica-clear-cleansing-oil-cosrx-official-4.jpg?v=1724836235,https://cdn.shopify.com/s/files/1/0513/3775/6828/files/pure-fit-cica-clear-cleansing-oil-cosrx-official-5.jpg?v=1724836237",,6.67 fl.oz / 200mL
Pure Fit Cica Cream,$32.00,"https://cdn.shopify.com/s/files/1/0513/3775/6828/files/pure-fit-cica-cream-cosrx-official-1.jpg?v=1724835235,https://cdn.shopify.com/s/files/1/0513/3775/6828/files/pure-fit-cica-cream-cosrx-official-2.jpg?v=1724835237,https://cdn.shopify.com/s/files/1/0513/3775/6828/files/pure-fit-cica-cream-cosrx-official-3.jpg?v=1724835239,https://cdn.shopify.com/s/files/1/0513/3775/6828/files/pure-fit-cica-cream-cosrx-official-4.jpg?v=1724835241,https://cdn.shopify.com/s/files/1/0513/3775/6828/files/pure-fit-cica-cream-cosrx-official-5.jpg?v=1724835244,https://cdn.shopify.com/s/files/1/0513/3775/6828/files/pure-fit-cica-cream-cosrx-official-6.jpg?v=1724835246,https://cdn.shopify.com/s/files/1/0513/3775/6828/files/pure-fit-cica-cream-cosrx-official-7.jpg?v=1724835248,https://cdn.shopify.com/s/files/1/0513/3775/6828/files/pure-fit-cica-cream-cosrx-official-8.jpg?v=1724835251",,1.69 fl.oz / 50ml
Pure Fit Cica Cream Intense,$32.00,"https://cdn.shopify.com/s/files/1/0513/3775/6828/files/pure-fit-cica-cream-intense-cosrx-official-1.jpg?v=1724836149,https://cdn.shopify.com/s/files/1/0513/3775/6828/files/pure-fit-cica-cream-intense-cosrx-official-2.jpg?v=1724836151,https://cdn.shopify.com/s/files/1/0513/3775/6828/files/pure-fit-cica-cream-intense-cosrx-official-3.jpg?v=1724836154,https://cdn.shopify.com/s/files/1/0513/3775/6828/files/pure-fit-cica-cream-intense-cosrx-official-4.jpg?v=1724836156,https://cdn.shopify.com/s/files/1/0513/3775/6828/files/pure-fit-cica-cream-intense-cosrx-official-5.jpg?v=1724836158,https://cdn.shopify.com/s/files/1/0513/3775/6828/files/pure-fit-cica-cream-intense-cosrx-official-6.jpg?v=1724836160,https://cdn.shopify.com/s/files/1/0513/3775/6828/files/pure-fit-cica-cream-intense-cosrx-official-7.jpg?v=1724836163,https://cdn.shopify.com/s/files/1/0513/3775/6828/files/pure-fit-cica-cream-intense-cosrx-official-8.jpg?v=1724836165,https://cdn.shopify.com/s/files/1/0513/3775/6828/files/pure-fit-cica-cream-intense-cosrx-official-9.jpg?v=1724836167",,1.7 fl.oz / 50ml
Pure Fit Cica Creamy Foam Cleanser,$18.00,"https://cdn.shopify.com/s/files/1/0513/3775/6828/files/pure-fit-cica-creamy-foam-cleanser-cosrx-official-1.jpg?v=1724836245,https://cdn.shopify.com/s/files/1/0513/3775/6828/files/pure-fit-cica-creamy-foam-cleanser-cosrx-official-2.jpg?v=1724836247,https://cdn.shopify.com/s/files/1/0513/3775/6828/files/pure-fit-cica-creamy-foam-cleanser-cosrx-official-3.jpg?v=1724836249,https://cdn.shopify.com/s/files/1/0513/3775/6828/files/pure-fit-cica-creamy-foam-cleanser-cosrx-official-4.jpg?v=1724836251,https://cdn.shopify.com/s/files/1/0513/3775/6828/files/pure-fit-cica-creamy-foam-cleanser-cosrx-official-5.jpg?v=1724836253,https://cdn.shopify.com/s/files/1/0513/3775/6828/files/pure-fit-cica-creamy-foam-cleanser-cosrx-official-6.jpg?v=1724836256,https://cdn.shopify.com/s/files/1/0513/3775/6828/files/pure-fit-cica-creamy-foam-cleanser-cosrx-official-7.jpg?v=1724836258,https://cdn.shopify.com/s/files/1/0513/3775/6828/files/pure-fit-cica-creamy-foam-cleanser-cosrx-official-8.jpg?v=1724836260",,5.07 fl.oz / 150ml
Radiant Glow Kit,$73.00,"https://cdn.shopify.com/s/files/1/0513/3775/6828/files/1210__._23.__800x1067_81fbdf0f-ca0e-4451-a830-8f740fb04f04.jpg?v=1765427573,https://cdn.shopify.com/s/files/1/0513/3775/6828/files/1210____._23.__800x1067_0d35d473-22ca-4270-95a2-42ddcbf8b7f2.jpg?v=1765427573",,
Refresh ABC Daily Toner (AHA BHA Vitamin C),$28.00,"https://cdn.shopify.com/s/files/1/0513/3775/6828/files/refresh-abc-daily-toner-aha-bha-vitamin-c-cosrx-official-1.jpg?v=1724835175,https://cdn.shopify.com/s/files/1/0513/3775/6828/files/refresh-abc-daily-toner-aha-bha-vitamin-c-cosrx-official-2.jpg?v=1771984847,https://cdn.shopify.com/s/files/1/0513/3775/6828/files/refresh-abc-daily-toner-aha-bha-vitamin-c-cosrx-official-3.jpg?v=1771984847,https://cdn.shopify.com/s/files/1/0513/3775/6828/files/refresh-abc-daily-toner-aha-bha-vitamin-c-cosrx-official-4.jpg?v=1771984847,https://cdn.shopify.com/s/files/1/0513/3775/6828/files/refresh-abc-daily-toner-aha-bha-vitamin-c-cosrx-official-5.jpg?v=1771984847,https://cdn.shopify.com/s/files/1/0513/3775/6828/files/refresh-abc-daily-toner-aha-bha-vitamin-c-cosrx-official-6.jpg?v=1771984847,https://cdn.shopify.com/s/files/1/0513/3775/6828/files/refresh-abc-daily-toner-aha-bha-vitamin-c-cosrx-official-7.jpg?v=1771984847,https://cdn.shopify.com/s/files/1/0513/3775/6828/files/refresh-abc-daily-toner-aha-bha-vitamin-c-cosrx-official-8.jpg?v=1724835192,https://cdn.shopify.com/s/files/1/0513/3775/6828/files/refresh-abc-daily-toner-aha-bha-vitamin-c-cosrx-official-9.jpg?v=1771984847",,"9.46 fl.oz / 280mL,5.07 fl.oz / 150ml,1.69 fl.oz / 50ml"
Skin Barrier & Glow Routine Duo,$52.00,https://cdn.shopify.com/s/files/1/0513/3775/6828/files/BluePeptideSerum_SnailEssence.jpg?v=1782717031,,
Slow-Aging Kit,$84.00,"https://cdn.shopify.com/s/files/1/0513/3775/6828/files/1210__._.__800x1067_fe0b4375-9c6e-44e0-a409-72549cef2cc5.jpg?v=1765428830,https://cdn.shopify.com/s/files/1/0513/3775/6828/files/slow-aging.jpg?v=1765428830",,
Snail Mucin Eye Care Duo,$56.00,"https://cdn.shopify.com/s/files/1/0513/3775/6828/files/Snail_800x1067_2b42a900-b49e-4908-a2aa-6c4c8c81603a.jpg?v=1724837185,https://cdn.shopify.com/s/files/1/0513/3775/6828/files/Christmas_800x1067_3C.webp?v=1716971749",,
Snail Mucin Trio,$69.00,"https://cdn.shopify.com/s/files/1/0513/3775/6828/files/1_SNAIL_TRIO_06353103-d748-402c-8d2f-8025ab99677b.jpg?v=1716971739,https://cdn.shopify.com/s/files/1/0513/3775/6828/files/Christmas_800x1067_2C.jpg?v=1716971741,https://cdn.shopify.com/s/files/1/0513/3775/6828/files/SnailTrio_1.jpg?v=1716971743,https://cdn.shopify.com/s/files/1/0513/3775/6828/files/SnailTrio_2.jpg?v=1724837166",,
The 6 Peptide & Retinol 0.1 Wrinkle Care Duo,$52.00,https://cdn.shopify.com/s/files/1/0513/3775/6828/products/5_a90928b5-107d-4a3a-a243-44a952a59a4c.webp?v=1772785652,,
The 6 Peptide & Retinol 0.3 Wrinkle Care Duo,$54.00,"https://cdn.shopify.com/s/files/1/0513/3775/6828/files/Peptide_retinol_0.webp?v=1765433392,https://cdn.shopify.com/s/files/1/0513/3775/6828/files/TheRetinol03Cream_01.webp?v=1765433392,https://cdn.shopify.com/s/files/1/0513/3775/6828/files/TheRetinol03Cream_02.webp?v=1765433392,https://cdn.shopify.com/s/files/1/0513/3775/6828/files/TheRetinol03Cream_03.webp?v=1765433392,https://cdn.shopify.com/s/files/1/0513/3775/6828/files/TheRetinol03Cream_04__1.webp?v=1765433392,https://cdn.shopify.com/s/files/1/0513/3775/6828/files/TheRetinol03Cream_05.webp?v=1765433392,https://cdn.shopify.com/s/files/1/0513/3775/6828/files/TheRetinol03Cream_06.webp?v=1765433392,https://cdn.shopify.com/s/files/1/0513/3775/6828/files/TheRetinol03Cream_07.webp?v=1765433392,https://cdn.shopify.com/s/files/1/0513/3775/6828/files/TheRetinol03Cream_08.webp?v=1765433392,https://cdn.shopify.com/s/files/1/0513/3775/6828/files/TheRetinol03Cream_09.webp?v=1765433392,https://cdn.shopify.com/s/files/1/0513/3775/6828/files/TheRetinol03Cream_10__1.webp?v=1765433392,https://cdn.shopify.com/s/files/1/0513/3775/6828/files/TheRetinol03Cream_11.webp?v=1765433392,https://cdn.shopify.com/s/files/1/0513/3775/6828/files/TheRetinol03Cream_12.webp?v=1765433392,https://cdn.shopify.com/s/files/1/0513/3775/6828/files/TheRetinol03Cream_14.webp?v=1765433392,https://cdn.shopify.com/s/files/1/0513/3775/6828/files/TheRetinol03Cream_13.webp?v=1765433392,https://cdn.shopify.com/s/files/1/0513/3775/6828/files/TheRetinol03Cream_15.webp?v=1765433392,https://cdn.shopify.com/s/files/1/0513/3775/6828/files/TheRetinol03Cream_16.webp?v=1765433392,https://cdn.shopify.com/s/files/1/0513/3775/6828/files/TheRetinol03Cream_17.webp?v=1765433392",,
The 6 Peptide Brightening Boost Duo,$50.00,https://cdn.shopify.com/s/files/1/0513/3775/6828/products/4____23.webp?v=1772785652,,
The 6 Peptide Skin Barrier Boost Duo,$50.00,https://cdn.shopify.com/s/files/1/0513/3775/6828/files/dff5c594087fa4f61d10102ee9f0024a.webp?v=1772785652,,
The 6 Peptide Skin Booster Serum,$75.00,"https://cdn.shopify.com/s/files/1/0513/3775/6828/files/THE_6_PEPTIDE_SKIN_BOOSTER_SERUM___800x1067_1.webp?v=1784097536,https://cdn.shopify.com/s/files/1/0513/3775/6828/files/The6_Peptide_Serum_1.jpg?v=1786070297,https://cdn.shopify.com/s/files/1/0513/3775/6828/files/The6_Peptide_Serum_10.jpg?v=1786070295,https://cdn.shopify.com/s/files/1/0513/3775/6828/files/The6_Peptide_Serum_11.jpg?v=1786070295,https://cdn.shopify.com/s/files/1/0513/3775/6828/files/The6_Peptide_Serum_12.jpg?v=1786070295,https://cdn.shopify.com/s/files/1/0513/3775/6828/files/The6_Peptide_Serum_13.jpg?v=1786070296,https://cdn.shopify.com/s/files/1/0513/3775/6828/files/The6_Peptide_Serum_15.jpg?v=1786070296,https://cdn.shopify.com/s/files/1/0513/3775/6828/files/The6_Peptide_Serum_16_4be8a8b1-52aa-4fbb-b496-6464d3ae19f2.jpg?v=1786070296,https://cdn.shopify.com/s/files/1/0513/3775/6828/files/The6_Peptide_Serum_17.jpg?v=1786070295,https://cdn.shopify.com/s/files/1/0513/3775/6828/files/The6_Peptide_Serum_18.jpg?v=1786070296,https://cdn.shopify.com/s/files/1/0513/3775/6828/files/The6_Peptide_Serum_19.jpg?v=1786070296,https://cdn.shopify.com/s/files/1/0513/3775/6828/files/The6_Peptide_Serum_20.jpg?v=1786070296,https://cdn.shopify.com/s/files/1/0513/3775/6828/files/The6_Peptide_Serum_21.jpg?v=1786070297,https://cdn.shopify.com/s/files/1/0513/3775/6828/files/The6_Peptide_Serum_3.jpg?v=1786070296,https://cdn.shopify.com/s/files/1/0513/3775/6828/files/The6_Peptide_Serum_6.jpg?v=1786070295,https://cdn.shopify.com/s/files/1/0513/3775/6828/files/The6_Peptide_Serum_7.jpg?v=1786070295,https://cdn.shopify.com/s/files/1/0513/3775/6828/files/The6_Peptide_Serum_9.jpg?v=1786070295,https://cdn.shopify.com/s/files/1/0513/3775/6828/files/800x800_The6_Peptide_Serum.jpg?v=1786070297,https://cdn.shopify.com/s/files/1/0513/3775/6828/files/The6_Peptide_Serum_2.jpg?v=1786070297,https://cdn.shopify.com/s/files/1/0513/3775/6828/files/The6_Peptide_Serum_4.jpg?v=1786070297,https://cdn.shopify.com/s/files/1/0513/3775/6828/files/The6_Peptide_Serum_5_2.jpg?v=1786070297",,150mL (5.07 fl.oz)
The AHA 2 BHA 2 Blemish Treatment Serum,$23.00,"https://cdn.shopify.com/s/files/1/0513/3775/6828/files/AHA2BHA2_Treatment_00_0ee6119d-bd30-4aa2-b7f6-3ecf59cc7151.jpg?v=1778462937,https://cdn.shopify.com/s/files/1/0513/3775/6828/files/AHA2BHA2_Treatment_04_0b5b66c2-5252-4a11-a604-75705472830f.jpg?v=1778061970,https://cdn.shopify.com/s/files/1/0513/3775/6828/files/AHA2BHA2_Blemish_03__2.jpg?v=1741592927,https://cdn.shopify.com/s/files/1/0513/3775/6828/files/AHA2BHA2_Blemish_05_2.jpg?v=1741592927,https://cdn.shopify.com/s/files/1/0513/3775/6828/files/AHA2BHA2_Treatment_06_63af588a-be9d-4c24-be82-41c6e3bd1b51.jpg?v=1778061970,https://cdn.shopify.com/s/files/1/0513/3775/6828/files/AHA2BHA2_Treatment_07_c12b7fb6-f951-4463-b662-367ac4e9ab9d.jpg?v=1778061971,https://cdn.shopify.com/s/files/1/0513/3775/6828/files/AHA2BHA2_Treatment_09_b0cb800f-c5ac-4df8-94cd-1d216c7dbc44.jpg?v=1778061970,https://cdn.shopify.com/s/files/1/0513/3775/6828/files/AHA2BHA2_Blemish_11_2.jpg?v=1741592927,https://cdn.shopify.com/s/files/1/0513/3775/6828/files/AHA2BHA2_Treatment_10_fe0dd321-4e5a-45a5-9707-7ecbd65486c6.jpg?v=1778061970,https://cdn.shopify.com/s/files/1/0513/3775/6828/files/AHA2BHA2_Blemish_12_2.jpg?v=1741592927,https://cdn.shopify.com/s/files/1/0513/3775/6828/files/AHA2BHA2_Treatment_11_2c7b4470-0cf8-4b41-9dce-da4c1b9fea81.jpg?v=1778061970,https://cdn.shopify.com/s/files/1/0513/3775/6828/files/AHA2BHA2_Blemish_14_2.jpg?v=1741592927",,
The AHA BHA PHA LHA 35 Peel,$19.00,"https://cdn.shopify.com/s/files/1/0513/3775/6828/files/The_35peel_0.webp?v=1724836979,https://cdn.shopify.com/s/files/1/0513/3775/6828/files/The_35peel_1B.webp?v=1697445072,https://cdn.shopify.com/s/files/1/0513/3775/6828/files/The_35peel_2.webp?v=1697445075,https://cdn.shopify.com/s/files/1/0513/3775/6828/files/The_35peel_3.webp?v=1724836985,https://cdn.shopify.com/s/files/1/0513/3775/6828/files/The_35peel_18.webp?v=1724836987,https://cdn.shopify.com/s/files/1/0513/3775/6828/files/The_35peel_5.webp?v=1724836988,https://cdn.shopify.com/s/files/1/0513/3775/6828/files/The_35peel_6.webp?v=1724836990,https://cdn.shopify.com/s/files/1/0513/3775/6828/files/The_35peel_7.webp?v=1697445085,https://cdn.shopify.com/s/files/1/0513/3775/6828/files/The_35peel_8.webp?v=1724836994,https://cdn.shopify.com/s/files/1/0513/3775/6828/files/The_35peel_9.webp?v=1697445089,https://cdn.shopify.com/s/files/1/0513/3775/6828/files/The_35peel_11_2.webp?v=1697445091,https://cdn.shopify.com/s/files/1/0513/3775/6828/files/The_35peel_12.webp?v=1697445093,https://cdn.shopify.com/s/files/1/0513/3775/6828/files/The_35peel_13.webp?v=1697445095,https://cdn.shopify.com/s/files/1/0513/3775/6828/files/The_35peel_14.webp?v=1724837003,https://cdn.shopify.com/s/files/1/0513/3775/6828/files/The_35peel_17.webp?v=1724837005,https://cdn.shopify.com/s/files/1/0513/3775/6828/files/The_35peel_15.webp?v=1724837006",,30mL (1.01 fl.oz.)
The Alpha-Arbutin 2 Discoloration Care Serum,$75.00,"https://cdn.shopify.com/s/files/1/0513/3775/6828/files/Alpha-Albutin_800x1067_9f78595b-1e4f-4147-a56c-aade2a3286da.jpg?v=1726731345,https://cdn.shopify.com/s/files/1/0513/3775/6828/files/The_Alpha-arbutin_2_Serum_01.jpg?v=1726731347,https://cdn.shopify.com/s/files/1/0513/3775/6828/files/The_Alpha-arbutin_2_Serum_02.jpg?v=1726731349,https://cdn.shopify.com/s/files/1/0513/3775/6828/files/The_Alpha-arbutin_2_Serum_03.jpg?v=1726731351,https://cdn.shopify.com/s/files/1/0513/3775/6828/files/The-Alpha-arbutin-2-Serum_19.jpg?v=1729842704,https://cdn.shopify.com/s/files/1/0513/3775/6828/files/The_Alpha-arbutin_2_Serum_04.jpg?v=1726731353,https://cdn.shopify.com/s/files/1/0513/3775/6828/files/The_Alpha-arbutin_2_Serum_05__2.jpg?v=1726731355,https://cdn.shopify.com/s/files/1/0513/3775/6828/files/The_Alpha-arbutin_2_Serum_06__3.jpg?v=1726731357,https://cdn.shopify.com/s/files/1/0513/3775/6828/files/The_Alpha-arbutin_2_Serum_07__2.jpg?v=1726731359,https://cdn.shopify.com/s/files/1/0513/3775/6828/files/The_Alpha-arbutin_2_Serum_09__2.jpg?v=1726731361,https://cdn.shopify.com/s/files/1/0513/3775/6828/files/The_Alpha-arbutin_2_Serum_10.jpg?v=1726731363,https://cdn.shopify.com/s/files/1/0513/3775/6828/files/The_Alpha-arbutin_2_Serum_11.jpg?v=1726731365,https://cdn.shopify.com/s/files/1/0513/3775/6828/files/The_Alpha-arbutin_2_Serum_12__2.jpg?v=1726731367,https://cdn.shopify.com/s/files/1/0513/3775/6828/files/The_Alpha-arbutin_2_Serum_13.jpg?v=1726731369,https://cdn.shopify.com/s/files/1/0513/3775/6828/files/The_Alpha-arbutin_2_Serum_14.jpg?v=1726731371,https://cdn.shopify.com/s/files/1/0513/3775/6828/files/The_Alpha-arbutin_2_Serum_15.jpg?v=1726731373,https://cdn.shopify.com/s/files/1/0513/3775/6828/files/The_Alpha-arbutin_2_Serum_16.jpg?v=1726731374,https://cdn.shopify.com/s/files/1/0513/3775/6828/files/The_Alpha-arbutin_2_Serum_17.jpg?v=1726731376,https://cdn.shopify.com/s/files/1/0513/3775/6828/files/The_Alpha-arbutin_2_Serum_18__2.jpg?v=1726731378",,1.69 fl.oz / 50ml
The Blue Peptide Bakuchiol Plump Duo,$55.00,https://cdn.shopify.com/s/files/1/0513/3775/6828/files/BluePeptideSerum_Cream.jpg?v=1782717004,,
The Ceramide Skin Barrier Moisturizer,$69.00,"https://cdn.shopify.com/s/files/1/0513/3775/6828/files/Skinbarrier_Moisturizer_800x1067_shape.jpg?v=1752553177,https://cdn.shopify.com/s/files/1/0513/3775/6828/files/Skinbarrier_Moisturizer_02__2.jpg?v=1752553177,https://cdn.shopify.com/s/files/1/0513/3775/6828/files/Skinbarrier_Moisturizer_03__2.jpg?v=1752553177,https://cdn.shopify.com/s/files/1/0513/3775/6828/files/Skinbarrier_Moisturizer_04.jpg?v=1752553177,https://cdn.shopify.com/s/files/1/0513/3775/6828/files/Skinbarrier_Moisturizer_01__5.webp?v=1756458228,https://cdn.shopify.com/s/files/1/0513/3775/6828/files/Skinbarrier_Moisturizer_06.jpg?v=1756458228,https://cdn.shopify.com/s/files/1/0513/3775/6828/files/Skinbarrier_Moisturizer_07.jpg?v=1784611688,https://cdn.shopify.com/s/files/1/0513/3775/6828/files/Skinbarrier_Moisturizer_08B-1.jpg?v=1756458228,https://cdn.shopify.com/s/files/1/0513/3775/6828/files/Skinbarrier_Moisturizer_08B-2.jpg?v=1756458228,https://cdn.shopify.com/s/files/1/0513/3775/6828/files/Skinbarrier_Moisturizer_10__2.jpg?v=1756458228,https://cdn.shopify.com/s/files/1/0513/3775/6828/files/Skinbarrier_Moisturizer_11__2.jpg?v=1756458228,https://cdn.shopify.com/s/files/1/0513/3775/6828/files/Skinbarrier_Moisturizer_13__3.jpg?v=1756458228,https://cdn.shopify.com/s/files/1/0513/3775/6828/files/Skinbarrier_Moisturizer_12.jpg?v=1784611688,https://cdn.shopify.com/s/files/1/0513/3775/6828/files/Skinbarrier_Moisturizer_15.jpg?v=1756458228,https://cdn.shopify.com/s/files/1/0513/3775/6828/files/Skinbarrier_Moisturizer_16.jpg?v=1756458228,https://cdn.shopify.com/s/files/1/0513/3775/6828/files/Skinbarrier_Moisturizer_17.jpg?v=1756458228,https://cdn.shopify.com/s/files/1/0513/3775/6828/files/Skinbarrier_Moisturizer_18__1.jpg?v=1784611688",,80mL (2.70 fl.oz)
The Ceramide Skin Barrier Moisturizing Mist,$24.00,"https://cdn.shopify.com/s/files/1/0513/3775/6828/files/Skinbarrier_Mist_00_484b9ebd-d4b7-4386-9752-e56852ae7773.webp?v=1755070277,https://cdn.shopify.com/s/files/1/0513/3775/6828/files/Skinbarrier_Mist_01__2.webp?v=1755070277,https://cdn.shopify.com/s/files/1/0513/3775/6828/files/Skinbarrier_Mist_03__2.webp?v=1755070277,https://cdn.shopify.com/s/files/1/0513/3775/6828/files/Skinbarrier_Mist_04__2.webp?v=1755070277,https://cdn.shopify.com/s/files/1/0513/3775/6828/files/Skinbarrier_Mist_05__2.webp?v=1755070277,https://cdn.shopify.com/s/files/1/0513/3775/6828/files/Skinbarrier_Mist_06.webp?v=1755070277,https://cdn.shopify.com/s/files/1/0513/3775/6828/files/Skinbarrier_Mist_07.webp?v=1755070277,https://cdn.shopify.com/s/files/1/0513/3775/6828/files/Skinbarrier_Mist_08__2.webp?v=1755070277,https://cdn.shopify.com/s/files/1/0513/3775/6828/files/Skinbarrier_Mist_11__3.webp?v=1755070277,https://cdn.shopify.com/s/files/1/0513/3775/6828/files/Skinbarrier_Mist_12__3.webp?v=1755070277,https://cdn.shopify.com/s/files/1/0513/3775/6828/files/Skinbarrier_Mist_14__2.webp?v=1755070277,https://cdn.shopify.com/s/files/1/0513/3775/6828/files/Skinbarrier_Mist_15.webp?v=1755070277,https://cdn.shopify.com/s/files/1/0513/3775/6828/files/Skinbarrier_Mist_16__2.webp?v=1755070277,https://cdn.shopify.com/s/files/1/0513/3775/6828/files/Skinbarrier_Mist_17.webp?v=1755070277,https://cdn.shopify.com/s/files/1/0513/3775/6828/files/Skinbarrier_Mist_18.webp?v=1755070277,https://cdn.shopify.com/s/files/1/0513/3775/6828/files/Skinbarrier_Mist_19.webp?v=1755070277,https://cdn.shopify.com/s/files/1/0513/3775/6828/files/Skinbarrier_Mist_20__4.webp?v=1755070277",,120 mL / 4.06 fl oz
The Hyaluronic Acid 3 Serum,$75.00,"https://cdn.shopify.com/s/files/1/0513/3775/6828/files/the-hyaluronic-acid-3-serum-cosrx-official-1.jpg?v=1724836664,https://cdn.shopify.com/s/files/1/0513/3775/6828/files/the-hyaluronic-acid-3-serum-cosrx-official-2.jpg?v=1724836666,https://cdn.shopify.com/s/files/1/0513/3775/6828/files/the-hyaluronic-acid-3-serum-cosrx-official-3.jpg?v=1724836668,https://cdn.shopify.com/s/files/1/0513/3775/6828/files/the-hyaluronic-acid-3-serum-cosrx-official-4.jpg?v=1724836671,https://cdn.shopify.com/s/files/1/0513/3775/6828/files/the-hyaluronic-acid-3-serum-cosrx-official-5.jpg?v=1724836673,https://cdn.shopify.com/s/files/1/0513/3775/6828/files/the-hyaluronic-acid-3-serum-cosrx-official-6.jpg?v=1724836675,https://cdn.shopify.com/s/files/1/0513/3775/6828/files/the-hyaluronic-acid-3-serum-cosrx-official-7.jpg?v=1724836677,https://cdn.shopify.com/s/files/1/0513/3775/6828/files/the-hyaluronic-acid-3-serum-cosrx-official-8.jpg?v=1724836679,https://cdn.shopify.com/s/files/1/0513/3775/6828/files/the-hyaluronic-acid-3-serum-cosrx-official-9.jpg?v=1724836682,https://cdn.shopify.com/s/files/1/0513/3775/6828/files/the-hyaluronic-acid-3-serum-cosrx-official-10.jpg?v=1724836684,https://cdn.shopify.com/s/files/1/0513/3775/6828/files/the-hyaluronic-acid-3-serum-cosrx-official-11.jpg?v=1724836686,https://cdn.shopify.com/s/files/1/0513/3775/6828/files/the-hyaluronic-acid-3-serum-cosrx-official-12.jpg?v=1724836688,https://cdn.shopify.com/s/files/1/0513/3775/6828/files/the-hyaluronic-acid-3-serum-cosrx-official-13.jpg?v=1724836690,https://cdn.shopify.com/s/files/1/0513/3775/6828/files/the-hyaluronic-acid-3-serum-cosrx-official-14.jpg?v=1724836693",,20ml / 0.67fl. Oz
The Niacinamide 15 Serum,$75.00,"https://cdn.shopify.com/s/files/1/0513/3775/6828/files/niacin.png?v=1748420816,https://cdn.shopify.com/s/files/1/0513/3775/6828/files/the-niacinamide-15-serum-cosrx-official-2.jpg?v=1748420816,https://cdn.shopify.com/s/files/1/0513/3775/6828/files/the-niacinamide-15-serum-cosrx-official-3.jpg?v=1748420816,https://cdn.shopify.com/s/files/1/0513/3775/6828/files/The_Niacinamade15_16.jpg?v=1757381343,https://cdn.shopify.com/s/files/1/0513/3775/6828/files/the-niacinamide-15-serum-cosrx-official-5.jpg?v=1757381343,https://cdn.shopify.com/s/files/1/0513/3775/6828/files/the-niacinamide-15-serum-cosrx-official-6.jpg?v=1757381343,https://cdn.shopify.com/s/files/1/0513/3775/6828/files/the-niacinamide-15-serum-cosrx-official-7.png?v=1757381343,https://cdn.shopify.com/s/files/1/0513/3775/6828/files/the-niacinamide-15-serum-cosrx-official-8.jpg?v=1757381343,https://cdn.shopify.com/s/files/1/0513/3775/6828/files/the-niacinamide-15-serum-cosrx-official-9.jpg?v=1757381343,https://cdn.shopify.com/s/files/1/0513/3775/6828/files/the-niacinamide-15-serum-cosrx-official-10.jpg?v=1757381343,https://cdn.shopify.com/s/files/1/0513/3775/6828/files/the-niacinamide-15-serum-cosrx-official-12.jpg?v=1757381343,https://cdn.shopify.com/s/files/1/0513/3775/6828/files/The_Niacinamade15_13.jpg?v=1757381343,https://cdn.shopify.com/s/files/1/0513/3775/6828/files/the-niacinamide-15-serum-cosrx-official-13.jpg?v=1757381343,https://cdn.shopify.com/s/files/1/0513/3775/6828/files/the-niacinamide-15-serum-cosrx-official-14.jpg?v=1757381343,https://cdn.shopify.com/s/files/1/0513/3775/6828/files/the-niacinamide-15-serum-cosrx-official-15.jpg?v=1757381343",,20ml / 0.67 fl. oz
The Peptide Collagen Hydrogel Eye Patch,$69.00,"https://cdn.shopify.com/s/files/1/0513/3775/6828/files/Hydrogel_Eye_patch_800x1067_c02f7788-3288-4bd7-bbdb-232b9f4de72c.webp?v=1785303430,https://cdn.shopify.com/s/files/1/0513/3775/6828/files/Hydrogel_Eye_patch_1.jpg?v=1768284034,https://cdn.shopify.com/s/files/1/0513/3775/6828/files/Hydrogel_Eye_patch_2.jpg?v=1768284034,https://cdn.shopify.com/s/files/1/0513/3775/6828/files/Hydrogel_Eye_patch_3.jpg?v=1768284034,https://cdn.shopify.com/s/files/1/0513/3775/6828/files/Hydrogel_Eye_patch_4.jpg?v=1768284034,https://cdn.shopify.com/s/files/1/0513/3775/6828/files/Hydrogel_Eye_patch_5.jpg?v=1768284034,https://cdn.shopify.com/s/files/1/0513/3775/6828/files/Hydrogel_Eye_patch_7.jpg?v=1768284034,https://cdn.shopify.com/s/files/1/0513/3775/6828/files/Hydrogel_Eye_patch_8.jpg?v=1768284034,https://cdn.shopify.com/s/files/1/0513/3775/6828/files/Hydrogel_Eye_patch_9__2.jpg?v=1768284034,https://cdn.shopify.com/s/files/1/0513/3775/6828/files/Hydrogel_Eye_patch_11.jpg?v=1768284034,https://cdn.shopify.com/s/files/1/0513/3775/6828/files/Hydrogel_Eye_patch_14__2_1.jpg?v=1768284034,https://cdn.shopify.com/s/files/1/0513/3775/6828/files/Hydrogel_Eye_patch_15.jpg?v=1768284034,https://cdn.shopify.com/s/files/1/0513/3775/6828/files/Hydrogel_Eye_patch_16.jpg?v=1768284034,https://cdn.shopify.com/s/files/1/0513/3775/6828/files/Hydrogel_Eye_patch_17.jpg?v=1768284034,https://cdn.shopify.com/s/files/1/0513/3775/6828/files/Hydrogel-Eye-patch3_800x1067_e01612cc-f037-4535-8587-9a0d68d4f857.png?v=1768284034",,
The Retinol 0.1 Cream,$81.00,"https://cdn.shopify.com/s/files/1/0513/3775/6828/files/RetinolCream_800x1067_7e167f9b-dc45-4d41-babf-65b26b14cf23.jpg?v=1746679017,https://cdn.shopify.com/s/files/1/0513/3775/6828/files/the-retinol-0-1-cream-cosrx-official-2.jpg?v=1746679017,https://cdn.shopify.com/s/files/1/0513/3775/6828/files/the-retinol-0-1-cream-cosrx-official-3_b76f7278-3384-4c09-85a9-519bbe64dc28.jpg?v=1746679017,https://cdn.shopify.com/s/files/1/0513/3775/6828/files/the-retinol-0-1-cream-cosrx-official-4.jpg?v=1746679017,https://cdn.shopify.com/s/files/1/0513/3775/6828/files/the-retinol-0-1-cream-cosrx-official-5.jpg?v=1746679017,https://cdn.shopify.com/s/files/1/0513/3775/6828/files/the-retinol-0-1-cream-cosrx-official-6.jpg?v=1746679017,https://cdn.shopify.com/s/files/1/0513/3775/6828/files/the-retinol-0-1-cream-cosrx-official-7.jpg?v=1746679017,https://cdn.shopify.com/s/files/1/0513/3775/6828/files/the-retinol-0-1-cream-cosrx-official-8.jpg?v=1746679017,https://cdn.shopify.com/s/files/1/0513/3775/6828/files/the-retinol-0-1-cream-cosrx-official-9.jpg?v=1746679017,https://cdn.shopify.com/s/files/1/0513/3775/6828/files/TheRetinol03Cream_16_1136b916-20a5-4a7f-8ae9-031821cab2bb.webp?v=1746679017",,20ml / 0.67 fl. oz
The Retinol 0.3 Cream,$87.00,"https://cdn.shopify.com/s/files/1/0513/3775/6828/files/Retinol03Cream_800x1067_c88d3441-5851-4a65-8438-a93bbfb4f86b.webp?v=1724837060,https://cdn.shopify.com/s/files/1/0513/3775/6828/files/TheRetinol03Cream_01.webp?v=1765433392,https://cdn.shopify.com/s/files/1/0513/3775/6828/files/TheRetinol03Cream_02.webp?v=1765433392,https://cdn.shopify.com/s/files/1/0513/3775/6828/files/TheRetinol03Cream_03.webp?v=1765433392,https://cdn.shopify.com/s/files/1/0513/3775/6828/files/TheRetinol03Cream_04__1.webp?v=1765433392,https://cdn.shopify.com/s/files/1/0513/3775/6828/files/TheRetinol03Cream_05.webp?v=1765433392,https://cdn.shopify.com/s/files/1/0513/3775/6828/files/TheRetinol03Cream_06.webp?v=1765433392,https://cdn.shopify.com/s/files/1/0513/3775/6828/files/TheRetinol03Cream_07.webp?v=1765433392,https://cdn.shopify.com/s/files/1/0513/3775/6828/files/TheRetinol03Cream_08.webp?v=1765433392,https://cdn.shopify.com/s/files/1/0513/3775/6828/files/TheRetinol03Cream_09.webp?v=1765433392,https://cdn.shopify.com/s/files/1/0513/3775/6828/files/TheRetinol03Cream_10__1.webp?v=1765433392,https://cdn.shopify.com/s/files/1/0513/3775/6828/files/TheRetinol03Cream_11.webp?v=1765433392,https://cdn.shopify.com/s/files/1/0513/3775/6828/files/TheRetinol03Cream_12.webp?v=1765433392,https://cdn.shopify.com/s/files/1/0513/3775/6828/files/TheRetinol03Cream_13.webp?v=1765433392,https://cdn.shopify.com/s/files/1/0513/3775/6828/files/TheRetinol03Cream_14.webp?v=1765433392,https://cdn.shopify.com/s/files/1/0513/3775/6828/files/TheRetinol03Cream_15.webp?v=1765433392,https://cdn.shopify.com/s/files/1/0513/3775/6828/files/TheRetinol03Cream_16.webp?v=1765433392,https://cdn.shopify.com/s/files/1/0513/3775/6828/files/TheRetinol03Cream_17.webp?v=1765433392",,20mL (0.67 fl.oz.)
The Retinol 0.5 Oil,$81.00,"https://cdn.shopify.com/s/files/1/0513/3775/6828/files/the-retinol-0-5-oil-cosrx-official-1.jpg?v=1724836571,https://cdn.shopify.com/s/files/1/0513/3775/6828/files/the-retinol-0-5-oil-cosrx-official-2.jpg?v=1724836574,https://cdn.shopify.com/s/files/1/0513/3775/6828/files/the-retinol-0-5-oil-cosrx-official-3.jpg?v=1724836576,https://cdn.shopify.com/s/files/1/0513/3775/6828/files/the-retinol-0-5-oil-cosrx-official-4.jpg?v=1724836578,https://cdn.shopify.com/s/files/1/0513/3775/6828/files/the-retinol-0-5-oil-cosrx-official-5.jpg?v=1724836580,https://cdn.shopify.com/s/files/1/0513/3775/6828/files/the-retinol-0-5-oil-cosrx-official-6.jpg?v=1724836582,https://cdn.shopify.com/s/files/1/0513/3775/6828/files/the-retinol-0-5-oil-cosrx-official-7.jpg?v=1724836584,https://cdn.shopify.com/s/files/1/0513/3775/6828/files/the-retinol-0-5-oil-cosrx-official-8.jpg?v=1724836587,https://cdn.shopify.com/s/files/1/0513/3775/6828/files/the-retinol-0-5-oil-cosrx-official-9.jpg?v=1724836589,https://cdn.shopify.com/s/files/1/0513/3775/6828/files/TheRetinol03Cream_16_5c25bd02-e692-474c-b171-4c499bd29146.webp?v=1699580195,https://cdn.shopify.com/s/files/1/0513/3775/6828/files/the-retinol-0-5-oil-cosrx-official-11.jpg?v=1724836593",,20ml / 0.67fl. Oz
The Vitamin C 13 Serum,$63.00,"https://cdn.shopify.com/s/files/1/0513/3775/6828/files/The_VitaminC13_00.webp?v=1762850506,https://cdn.shopify.com/s/files/1/0513/3775/6828/files/The_VitaminC13_01__2.webp?v=1762850506,https://cdn.shopify.com/s/files/1/0513/3775/6828/files/VitaminC__-__1.jpg?v=1780659273,https://cdn.shopify.com/s/files/1/0513/3775/6828/files/The_VitaminC13_02.webp?v=1762850506,https://cdn.shopify.com/s/files/1/0513/3775/6828/files/The_VitaminC13_03.webp?v=1762850506,https://cdn.shopify.com/s/files/1/0513/3775/6828/files/The_VitaminC13_04.webp?v=1762850506,https://cdn.shopify.com/s/files/1/0513/3775/6828/files/The_VitaminC13_05.webp?v=1762850506,https://cdn.shopify.com/s/files/1/0513/3775/6828/files/The_VitaminC13_06.webp?v=1762850506,https://cdn.shopify.com/s/files/1/0513/3775/6828/files/The_VitaminC13_07.webp?v=1762850506,https://cdn.shopify.com/s/files/1/0513/3775/6828/files/The_VitaminC13_08__4.webp?v=1762850506,https://cdn.shopify.com/s/files/1/0513/3775/6828/files/The_VitaminC13_09.webp?v=1762850506,https://cdn.shopify.com/s/files/1/0513/3775/6828/files/The_VitaminC13_10.webp?v=1762850506,https://cdn.shopify.com/s/files/1/0513/3775/6828/files/The_VitaminC13_11.webp?v=1762850506,https://cdn.shopify.com/s/files/1/0513/3775/6828/files/The_VitaminC13_12.webp?v=1762850506,https://cdn.shopify.com/s/files/1/0513/3775/6828/files/The_VitaminC13_13.webp?v=1762850506,https://cdn.shopify.com/s/files/1/0513/3775/6828/files/The_VitaminC13_14.webp?v=1762850506,https://cdn.shopify.com/s/files/1/0513/3775/6828/files/The_VitaminC13_15.webp?v=1762850506,https://cdn.shopify.com/s/files/1/0513/3775/6828/files/The_VitaminC13_16.webp?v=1762850506,https://cdn.shopify.com/s/files/1/0513/3775/6828/files/The_VitaminC13_17.webp?v=1762850506,https://cdn.shopify.com/s/files/1/0513/3775/6828/files/The_VitaminC13_18.webp?v=1762850506,https://cdn.shopify.com/s/files/1/0513/3775/6828/files/The_VitaminC13_19.webp?v=1762850506",,20ml / 0.67fl. oz
Tone & Lift Glow Mask Duo,$30.00,https://cdn.shopify.com/s/files/1/0513/3775/6828/files/05_f9749cb1-3f86-47ca-af0e-09a9f12b4ebb.webp?v=1764813176,,
Two in One Poreless Power Liquid,$25.00,"https://cdn.shopify.com/s/files/1/0513/3775/6828/files/two-in-one-poreless-power-liquid-cosrx-official-1.jpg?v=1724835162,https://cdn.shopify.com/s/files/1/0513/3775/6828/files/two-in-one-poreless-power-liquid-cosrx-official-2.jpg?v=1724835164,https://cdn.shopify.com/s/files/1/0513/3775/6828/files/two-in-one-poreless-power-liquid-cosrx-official-3.jpg?v=1724835166,https://cdn.shopify.com/s/files/1/0513/3775/6828/files/two-in-one-poreless-power-liquid-cosrx-official-4.jpg?v=1724835169,https://cdn.shopify.com/s/files/1/0513/3775/6828/files/two-in-one-poreless-power-liquid-cosrx-official-5.jpg?v=1724835171,https://cdn.shopify.com/s/files/1/0513/3775/6828/files/two-in-one-poreless-power-liquid-cosrx-official-6.jpg?v=1724835173",,
Ultimate Nourishing Rice Overnight Spa Mask,$18.00,"https://cdn.shopify.com/s/files/1/0513/3775/6828/files/ultimate-nourishing-rice-overnight-spa-mask-cosrx-official-1.jpg?v=1724836096,https://cdn.shopify.com/s/files/1/0513/3775/6828/files/800x1067_1.webp?v=1778477900,https://cdn.shopify.com/s/files/1/0513/3775/6828/files/800x1067_2.webp?v=1778477900,https://cdn.shopify.com/s/files/1/0513/3775/6828/files/800x1067_3.webp?v=1778477900,https://cdn.shopify.com/s/files/1/0513/3775/6828/files/800x1067_4.webp?v=1778477900,https://cdn.shopify.com/s/files/1/0513/3775/6828/files/800x1067_5.webp?v=1778477900,https://cdn.shopify.com/s/files/1/0513/3775/6828/files/800x1067_6.webp?v=1778477900",,60ml / 2.02 fl. oz
Vitamin E Vitalizing Sunscreen SPF 50+,$23.00,"https://cdn.shopify.com/s/files/1/0513/3775/6828/files/VitaminE_SunScreen_00.jpg?v=1778562098,https://cdn.shopify.com/s/files/1/0513/3775/6828/files/VitaminE_Suncream_1_2.jpg?v=1721103764,https://cdn.shopify.com/s/files/1/0513/3775/6828/files/vitamin-e-vitalizing-sunscreen-spf-50-cosrx-official-3.gif?v=1720086134,https://cdn.shopify.com/s/files/1/0513/3775/6828/files/vitamin-e-vitalizing-sunscreen-spf-50-cosrx-official-4.jpg?v=1724836744,https://cdn.shopify.com/s/files/1/0513/3775/6828/files/vitamin-e-vitalizing-sunscreen-spf-50-cosrx-official-5.jpg?v=1724836747,https://cdn.shopify.com/s/files/1/0513/3775/6828/files/vitamin-e-vitalizing-sunscreen-spf-50-cosrx-official-6.jpg?v=1724836749,https://cdn.shopify.com/s/files/1/0513/3775/6828/files/vitamin-e-vitalizing-sunscreen-spf-50-cosrx-official-7.jpg?v=1724836751,https://cdn.shopify.com/s/files/1/0513/3775/6828/files/vitamin-e-vitalizing-sunscreen-spf-50-cosrx-official-8.jpg?v=1724836753,https://cdn.shopify.com/s/files/1/0513/3775/6828/files/vitamin-e-vitalizing-sunscreen-spf-50-cosrx-official-9.jpg?v=1724836756,https://cdn.shopify.com/s/files/1/0513/3775/6828/files/vitamin-e-vitalizing-sunscreen-spf-50-cosrx-official-10.jpg?v=1724836758,https://cdn.shopify.com/s/files/1/0513/3775/6828/files/vitamin-e-vitalizing-sunscreen-spf-50-cosrx-official-11.jpg?v=1724836760,https://cdn.shopify.com/s/files/1/0513/3775/6828/files/vitamin-e-vitalizing-sunscreen-spf-50-cosrx-official-12.jpg?v=1724836762,https://cdn.shopify.com/s/files/1/0513/3775/6828/files/vitamin-e-vitalizing-sunscreen-spf-50-cosrx-official-13.jpg?v=1724836765",,50mL / 1.69 fl. Oz
